link_annuncio,price_text,price_eur,riferimento_annuncio,classe_energetica,descrizione,error
https://www.immobiliare.it/annunci/122115790/,€ 590.000,590000.0,trebbia1.2.3.,F,,
https://www.immobiliare.it/annunci/122108650/,€ 520.000,520000.0,520 CESARE DA SESTO (CDS),D,"in palazzina anni 60 - immobiliare bertelli propone : abitazione al piano secondo completamente ristrutturata libera da subito composta da : ingresso soggiorno con cucina a vista , una camera e bagno.
l'immobile nelle sue parti comuni subira' un riammodernamento, androne d'ingresso, scale , citofoni, porte blindate.
la zona risulta essere una delle parti piu' pregiate di milano, collegata con mm. e mezzi di superficie , collegata e poco distante dal centro storico.
per info. a disposizione il geometra luca bertelli agli indirizzi sotto elencati.
immobile gia' libero e visionabile.
euro 520.000
possibilita' posto auto interno.
possibilita' cantina.
immobiliare bertelli e' una realta' nel panorama del settore immobiliare di milano dal 1998 – si occupa principalmente del mercato milanese inteso come citta' e provincia.
lo studio nel corso del tempo si e' specializzato in pratiche catastali, asistenza legale, perizie.

www.immobiliarebertelli.it
corso lodi 11 – fermata mm3 romana
riferimenti : 348.6022020
bertellimmobiliare@gmail.com
orari : dal lu/ve dalle 9.00 alle 19.30 orario continuato
sabato dalle 9.00 alle 12.30 su appuntamento.",
https://www.immobiliare.it/annunci/122120328/,,,,,,"Message: 
Stacktrace:
	GetHandleVerifier [0x0x101ba83+63395]
	GetHandleVerifier [0x0x101bac4+63460]
	(No symbol) [0x0xe62113]
	(No symbol) [0x0xeaa85e]
	(No symbol) [0x0xeaabfb]
	(No symbol) [0x0xef2f92]
	(No symbol) [0x0xecf3f4]
	(No symbol) [0x0xef07ba]
	(No symbol) [0x0xecf1a6]
	(No symbol) [0x0xe9e7b2]
	(No symbol) [0x0xe9f654]
	GetHandleVerifier [0x0x1298883+2672035]
	GetHandleVerifier [0x0x1293cba+2652634]
	GetHandleVerifier [0x0x1042bca+223466]
	GetHandleVerifier [0x0x1032cb8+158168]
	GetHandleVerifier [0x0x103978d+185517]
	GetHandleVerifier [0x0x1023b78+96408]
	GetHandleVerifier [0x0x1023d02+96802]
	GetHandleVerifier [0x0x100e90a+9770]
	BaseThreadInitThunk [0x0x76a55d49+25]
	RtlInitializeExceptionChain [0x0x7726d2fb+107]
	RtlGetAppContainerNamedObjectPath [0x0x7726d281+561]
"
https://www.immobiliare.it/annunci/122121510/,€ 1.250.000,1250000.0,P. Amedeo D'Aosta 3,F,"In Esclusiva zona residenziale, in contesto signorile con servizio di portineria proponiamo in vendita Ampio plurilocale di 172mq catastali posto al piano 5. L'appartamento attualmente è così composto: ampio atrio d'ingresso padronale (oltre secondo ingresso di servizio), luminosissimo salone triplo con annesso ampio balcone/terrazzino vivibile , cucina abitabile con balcone di servizio, n. 4 camere, n. 3 bagni, cantina e box auto. L'appartamento è molto luminoso grazie alle numerose finestre e porte finestre presenti, libero al rogito, da ristrutturare. Per ulteriori info o visite contattare Prestige Solutions al numero 348/4128198.",
https://www.immobiliare.it/annunci/122123108/,€ 395.000,395000.0,3038-A8,C,"Investi nel cuore di Milano.

I Boutique Apartments sono mono e bilocali di pregio in una delle zone più ambite di Milano – Porta Venezia – dove la domanda di immobili residenziali e da investimento è in costante crescita.
Un investimento solido in una delle città più dinamiche d’Europa, sinonimo di stile, innovazione e sicura redditività
Ogni appartamento, progettato con materiali di qualità, unisce estetica, funzionalità e comfort.

L’ultimo elegante open space si compone di una zona living accogliente con cucina a vista e della zona notte con letto matrimoniale, integrata armoniosamente nello stesso spazio. Il bagno, ben rifinito e accessibile direttamente dalla zona giorno, è dotato di impianti moderni e materiali di qualità. Soluzione perfetta per locazioni a breve o lungo termine di fascia alta, in una delle città più dinamiche d’Europa.

Perché scegliere Boutique Apartments come investimento immobiliare:

• Location premium: zona centrale e strategica di Milano
• Alta redditività: ottimo potenziale di affitto a breve e lungo termine
• Valore nel tempo: immobili pensati per mantenere e accrescere il proprio valore
• Design sofisticato

Non perdere l’occasione di investire in una Milano che guarda al futuro. Contattaci oggi per scoprire l’ultima disponibilità e i rendimenti attesi",
https://www.immobiliare.it/annunci/122113206/,,,,,,"Message: 
Stacktrace:
	GetHandleVerifier [0x0x101ba83+63395]
	GetHandleVerifier [0x0x101bac4+63460]
	(No symbol) [0x0xe62113]
	(No symbol) [0x0xeaa85e]
	(No symbol) [0x0xeaabfb]
	(No symbol) [0x0xef2f92]
	(No symbol) [0x0xecf3f4]
	(No symbol) [0x0xef07ba]
	(No symbol) [0x0xecf1a6]
	(No symbol) [0x0xe9e7b2]
	(No symbol) [0x0xe9f654]
	GetHandleVerifier [0x0x1298883+2672035]
	GetHandleVerifier [0x0x1293cba+2652634]
	GetHandleVerifier [0x0x1042bca+223466]
	GetHandleVerifier [0x0x1032cb8+158168]
	GetHandleVerifier [0x0x103978d+185517]
	GetHandleVerifier [0x0x1023b78+96408]
	GetHandleVerifier [0x0x1023d02+96802]
	GetHandleVerifier [0x0x100e90a+9770]
	BaseThreadInitThunk [0x0x76a55d49+25]
	RtlInitializeExceptionChain [0x0x7726d2fb+107]
	RtlGetAppContainerNamedObjectPath [0x0x7726d281+561]
"
https://www.immobiliare.it/annunci/122117744/,,,,,,"Message: 
Stacktrace:
	GetHandleVerifier [0x0x101ba83+63395]
	GetHandleVerifier [0x0x101bac4+63460]
	(No symbol) [0x0xe62113]
	(No symbol) [0x0xeaa85e]
	(No symbol) [0x0xeaabfb]
	(No symbol) [0x0xef2f92]
	(No symbol) [0x0xecf3f4]
	(No symbol) [0x0xef07ba]
	(No symbol) [0x0xecf1a6]
	(No symbol) [0x0xe9e7b2]
	(No symbol) [0x0xe9f654]
	GetHandleVerifier [0x0x1298883+2672035]
	GetHandleVerifier [0x0x1293cba+2652634]
	GetHandleVerifier [0x0x1042bca+223466]
	GetHandleVerifier [0x0x1032cb8+158168]
	GetHandleVerifier [0x0x103978d+185517]
	GetHandleVerifier [0x0x1023b78+96408]
	GetHandleVerifier [0x0x1023d02+96802]
	GetHandleVerifier [0x0x100e90a+9770]
	BaseThreadInitThunk [0x0x76a55d49+25]
	RtlInitializeExceptionChain [0x0x7726d2fb+107]
	RtlGetAppContainerNamedObjectPath [0x0x7726d281+561]
"
https://www.immobiliare.it/annunci/122117036/,,,,,,"Message: 
Stacktrace:
	GetHandleVerifier [0x0x101ba83+63395]
	GetHandleVerifier [0x0x101bac4+63460]
	(No symbol) [0x0xe62113]
	(No symbol) [0x0xeaa85e]
	(No symbol) [0x0xeaabfb]
	(No symbol) [0x0xef2f92]
	(No symbol) [0x0xecf3f4]
	(No symbol) [0x0xef07ba]
	(No symbol) [0x0xecf1a6]
	(No symbol) [0x0xe9e7b2]
	(No symbol) [0x0xe9f654]
	GetHandleVerifier [0x0x1298883+2672035]
	GetHandleVerifier [0x0x1293cba+2652634]
	GetHandleVerifier [0x0x1042bca+223466]
	GetHandleVerifier [0x0x1032cb8+158168]
	GetHandleVerifier [0x0x103978d+185517]
	GetHandleVerifier [0x0x1023b78+96408]
	GetHandleVerifier [0x0x1023d02+96802]
	GetHandleVerifier [0x0x100e90a+9770]
	BaseThreadInitThunk [0x0x76a55d49+25]
	RtlInitializeExceptionChain [0x0x7726d2fb+107]
	RtlGetAppContainerNamedObjectPath [0x0x7726d281+561]
"
https://www.immobiliare.it/annunci/122118062/,,,,,,"Message: 
Stacktrace:
	GetHandleVerifier [0x0x101ba83+63395]
	GetHandleVerifier [0x0x101bac4+63460]
	(No symbol) [0x0xe62113]
	(No symbol) [0x0xeaa85e]
	(No symbol) [0x0xeaabfb]
	(No symbol) [0x0xef2f92]
	(No symbol) [0x0xecf3f4]
	(No symbol) [0x0xef07ba]
	(No symbol) [0x0xecf1a6]
	(No symbol) [0x0xe9e7b2]
	(No symbol) [0x0xe9f654]
	GetHandleVerifier [0x0x1298883+2672035]
	GetHandleVerifier [0x0x1293cba+2652634]
	GetHandleVerifier [0x0x1042bca+223466]
	GetHandleVerifier [0x0x1032cb8+158168]
	GetHandleVerifier [0x0x103978d+185517]
	GetHandleVerifier [0x0x1023b78+96408]
	GetHandleVerifier [0x0x1023d02+96802]
	GetHandleVerifier [0x0x100e90a+9770]
	BaseThreadInitThunk [0x0x76a55d49+25]
	RtlInitializeExceptionChain [0x0x7726d2fb+107]
	RtlGetAppContainerNamedObjectPath [0x0x7726d281+561]
"
https://www.immobiliare.it/annunci/122114940/,,,,,,"Message: 
Stacktrace:
	GetHandleVerifier [0x0x101ba83+63395]
	GetHandleVerifier [0x0x101bac4+63460]
	(No symbol) [0x0xe62113]
	(No symbol) [0x0xeaa85e]
	(No symbol) [0x0xeaabfb]
	(No symbol) [0x0xef2f92]
	(No symbol) [0x0xecf3f4]
	(No symbol) [0x0xef07ba]
	(No symbol) [0x0xecf1a6]
	(No symbol) [0x0xe9e7b2]
	(No symbol) [0x0xe9f654]
	GetHandleVerifier [0x0x1298883+2672035]
	GetHandleVerifier [0x0x1293cba+2652634]
	GetHandleVerifier [0x0x1042bca+223466]
	GetHandleVerifier [0x0x1032cb8+158168]
	GetHandleVerifier [0x0x103978d+185517]
	GetHandleVerifier [0x0x1023b78+96408]
	GetHandleVerifier [0x0x1023d02+96802]
	GetHandleVerifier [0x0x100e90a+9770]
	BaseThreadInitThunk [0x0x76a55d49+25]
	RtlInitializeExceptionChain [0x0x7726d2fb+107]
	RtlGetAppContainerNamedObjectPath [0x0x7726d281+561]
"
https://www.immobiliare.it/annunci/122119050/,,,,,,"Message: 
Stacktrace:
	GetHandleVerifier [0x0x101ba83+63395]
	GetHandleVerifier [0x0x101bac4+63460]
	(No symbol) [0x0xe62113]
	(No symbol) [0x0xeaa85e]
	(No symbol) [0x0xeaabfb]
	(No symbol) [0x0xef2f92]
	(No symbol) [0x0xecf3f4]
	(No symbol) [0x0xef07ba]
	(No symbol) [0x0xecf1a6]
	(No symbol) [0x0xe9e7b2]
	(No symbol) [0x0xe9f654]
	GetHandleVerifier [0x0x1298883+2672035]
	GetHandleVerifier [0x0x1293cba+2652634]
	GetHandleVerifier [0x0x1042bca+223466]
	GetHandleVerifier [0x0x1032cb8+158168]
	GetHandleVerifier [0x0x103978d+185517]
	GetHandleVerifier [0x0x1023b78+96408]
	GetHandleVerifier [0x0x1023d02+96802]
	GetHandleVerifier [0x0x100e90a+9770]
	BaseThreadInitThunk [0x0x76a55d49+25]
	RtlInitializeExceptionChain [0x0x7726d2fb+107]
	RtlGetAppContainerNamedObjectPath [0x0x7726d281+561]
"
https://www.immobiliare.it/annunci/122113510/,,,,,,"Message: 
Stacktrace:
	GetHandleVerifier [0x0x101ba83+63395]
	GetHandleVerifier [0x0x101bac4+63460]
	(No symbol) [0x0xe62113]
	(No symbol) [0x0xeaa85e]
	(No symbol) [0x0xeaabfb]
	(No symbol) [0x0xef2f92]
	(No symbol) [0x0xecf3f4]
	(No symbol) [0x0xef07ba]
	(No symbol) [0x0xecf1a6]
	(No symbol) [0x0xe9e7b2]
	(No symbol) [0x0xe9f654]
	GetHandleVerifier [0x0x1298883+2672035]
	GetHandleVerifier [0x0x1293cba+2652634]
	GetHandleVerifier [0x0x1042bca+223466]
	GetHandleVerifier [0x0x1032cb8+158168]
	GetHandleVerifier [0x0x103978d+185517]
	GetHandleVerifier [0x0x1023b78+96408]
	GetHandleVerifier [0x0x1023d02+96802]
	GetHandleVerifier [0x0x100e90a+9770]
	BaseThreadInitThunk [0x0x76a55d49+25]
	RtlInitializeExceptionChain [0x0x7726d2fb+107]
	RtlGetAppContainerNamedObjectPath [0x0x7726d281+561]
"
https://www.immobiliare.it/annunci/122118468/,,,,,,"Message: 
Stacktrace:
	GetHandleVerifier [0x0x101ba83+63395]
	GetHandleVerifier [0x0x101bac4+63460]
	(No symbol) [0x0xe62113]
	(No symbol) [0x0xeaa85e]
	(No symbol) [0x0xeaabfb]
	(No symbol) [0x0xef2f92]
	(No symbol) [0x0xecf3f4]
	(No symbol) [0x0xef07ba]
	(No symbol) [0x0xecf1a6]
	(No symbol) [0x0xe9e7b2]
	(No symbol) [0x0xe9f654]
	GetHandleVerifier [0x0x1298883+2672035]
	GetHandleVerifier [0x0x1293cba+2652634]
	GetHandleVerifier [0x0x1042bca+223466]
	GetHandleVerifier [0x0x1032cb8+158168]
	GetHandleVerifier [0x0x103978d+185517]
	GetHandleVerifier [0x0x1023b78+96408]
	GetHandleVerifier [0x0x1023d02+96802]
	GetHandleVerifier [0x0x100e90a+9770]
	BaseThreadInitThunk [0x0x76a55d49+25]
	RtlInitializeExceptionChain [0x0x7726d2fb+107]
	RtlGetAppContainerNamedObjectPath [0x0x7726d281+561]
"
https://www.immobiliare.it/annunci/122120936/,,,,,,"Message: 
Stacktrace:
	GetHandleVerifier [0x0x101ba83+63395]
	GetHandleVerifier [0x0x101bac4+63460]
	(No symbol) [0x0xe62113]
	(No symbol) [0x0xeaa85e]
	(No symbol) [0x0xeaabfb]
	(No symbol) [0x0xef2f92]
	(No symbol) [0x0xecf3f4]
	(No symbol) [0x0xef07ba]
	(No symbol) [0x0xecf1a6]
	(No symbol) [0x0xe9e7b2]
	(No symbol) [0x0xe9f654]
	GetHandleVerifier [0x0x1298883+2672035]
	GetHandleVerifier [0x0x1293cba+2652634]
	GetHandleVerifier [0x0x1042bca+223466]
	GetHandleVerifier [0x0x1032cb8+158168]
	GetHandleVerifier [0x0x103978d+185517]
	GetHandleVerifier [0x0x1023b78+96408]
	GetHandleVerifier [0x0x1023d02+96802]
	GetHandleVerifier [0x0x100e90a+9770]
	BaseThreadInitThunk [0x0x76a55d49+25]
	RtlInitializeExceptionChain [0x0x7726d2fb+107]
	RtlGetAppContainerNamedObjectPath [0x0x7726d281+561]
"
https://www.immobiliare.it/annunci/122113620/,,,,,,"Message: 
Stacktrace:
	GetHandleVerifier [0x0x101ba83+63395]
	GetHandleVerifier [0x0x101bac4+63460]
	(No symbol) [0x0xe62113]
	(No symbol) [0x0xeaa85e]
	(No symbol) [0x0xeaabfb]
	(No symbol) [0x0xef2f92]
	(No symbol) [0x0xecf3f4]
	(No symbol) [0x0xef07ba]
	(No symbol) [0x0xecf1a6]
	(No symbol) [0x0xe9e7b2]
	(No symbol) [0x0xe9f654]
	GetHandleVerifier [0x0x1298883+2672035]
	GetHandleVerifier [0x0x1293cba+2652634]
	GetHandleVerifier [0x0x1042bca+223466]
	GetHandleVerifier [0x0x1032cb8+158168]
	GetHandleVerifier [0x0x103978d+185517]
	GetHandleVerifier [0x0x1023b78+96408]
	GetHandleVerifier [0x0x1023d02+96802]
	GetHandleVerifier [0x0x100e90a+9770]
	BaseThreadInitThunk [0x0x76a55d49+25]
	RtlInitializeExceptionChain [0x0x7726d2fb+107]
	RtlGetAppContainerNamedObjectPath [0x0x7726d281+561]
"
https://www.immobiliare.it/annunci/122117462/,,,,,,"Message: 
Stacktrace:
	GetHandleVerifier [0x0x101ba83+63395]
	GetHandleVerifier [0x0x101bac4+63460]
	(No symbol) [0x0xe62113]
	(No symbol) [0x0xeaa85e]
	(No symbol) [0x0xeaabfb]
	(No symbol) [0x0xef2f92]
	(No symbol) [0x0xecf3f4]
	(No symbol) [0x0xef07ba]
	(No symbol) [0x0xecf1a6]
	(No symbol) [0x0xe9e7b2]
	(No symbol) [0x0xe9f654]
	GetHandleVerifier [0x0x1298883+2672035]
	GetHandleVerifier [0x0x1293cba+2652634]
	GetHandleVerifier [0x0x1042bca+223466]
	GetHandleVerifier [0x0x1032cb8+158168]
	GetHandleVerifier [0x0x103978d+185517]
	GetHandleVerifier [0x0x1023b78+96408]
	GetHandleVerifier [0x0x1023d02+96802]
	GetHandleVerifier [0x0x100e90a+9770]
	BaseThreadInitThunk [0x0x76a55d49+25]
	RtlInitializeExceptionChain [0x0x7726d2fb+107]
	RtlGetAppContainerNamedObjectPath [0x0x7726d281+561]
"
https://www.immobiliare.it/annunci/122120320/,,,,,,"Message: 
Stacktrace:
	GetHandleVerifier [0x0x101ba83+63395]
	GetHandleVerifier [0x0x101bac4+63460]
	(No symbol) [0x0xe62113]
	(No symbol) [0x0xeaa85e]
	(No symbol) [0x0xeaabfb]
	(No symbol) [0x0xef2f92]
	(No symbol) [0x0xecf3f4]
	(No symbol) [0x0xef07ba]
	(No symbol) [0x0xecf1a6]
	(No symbol) [0x0xe9e7b2]
	(No symbol) [0x0xe9f654]
	GetHandleVerifier [0x0x1298883+2672035]
	GetHandleVerifier [0x0x1293cba+2652634]
	GetHandleVerifier [0x0x1042bca+223466]
	GetHandleVerifier [0x0x1032cb8+158168]
	GetHandleVerifier [0x0x103978d+185517]
	GetHandleVerifier [0x0x1023b78+96408]
	GetHandleVerifier [0x0x1023d02+96802]
	GetHandleVerifier [0x0x100e90a+9770]
	BaseThreadInitThunk [0x0x76a55d49+25]
	RtlInitializeExceptionChain [0x0x7726d2fb+107]
	RtlGetAppContainerNamedObjectPath [0x0x7726d281+561]
"
https://www.immobiliare.it/annunci/122119124/,,,,,,"Message: 
Stacktrace:
	GetHandleVerifier [0x0x101ba83+63395]
	GetHandleVerifier [0x0x101bac4+63460]
	(No symbol) [0x0xe62113]
	(No symbol) [0x0xeaa85e]
	(No symbol) [0x0xeaabfb]
	(No symbol) [0x0xef2f92]
	(No symbol) [0x0xecf3f4]
	(No symbol) [0x0xef07ba]
	(No symbol) [0x0xecf1a6]
	(No symbol) [0x0xe9e7b2]
	(No symbol) [0x0xe9f654]
	GetHandleVerifier [0x0x1298883+2672035]
	GetHandleVerifier [0x0x1293cba+2652634]
	GetHandleVerifier [0x0x1042bca+223466]
	GetHandleVerifier [0x0x1032cb8+158168]
	GetHandleVerifier [0x0x103978d+185517]
	GetHandleVerifier [0x0x1023b78+96408]
	GetHandleVerifier [0x0x1023d02+96802]
	GetHandleVerifier [0x0x100e90a+9770]
	BaseThreadInitThunk [0x0x76a55d49+25]
	RtlInitializeExceptionChain [0x0x7726d2fb+107]
	RtlGetAppContainerNamedObjectPath [0x0x7726d281+561]
"
https://www.immobiliare.it/annunci/122120476/,,,,,,"Message: 
Stacktrace:
	GetHandleVerifier [0x0x101ba83+63395]
	GetHandleVerifier [0x0x101bac4+63460]
	(No symbol) [0x0xe62113]
	(No symbol) [0x0xeaa85e]
	(No symbol) [0x0xeaabfb]
	(No symbol) [0x0xef2f92]
	(No symbol) [0x0xecf3f4]
	(No symbol) [0x0xef07ba]
	(No symbol) [0x0xecf1a6]
	(No symbol) [0x0xe9e7b2]
	(No symbol) [0x0xe9f654]
	GetHandleVerifier [0x0x1298883+2672035]
	GetHandleVerifier [0x0x1293cba+2652634]
	GetHandleVerifier [0x0x1042bca+223466]
	GetHandleVerifier [0x0x1032cb8+158168]
	GetHandleVerifier [0x0x103978d+185517]
	GetHandleVerifier [0x0x1023b78+96408]
	GetHandleVerifier [0x0x1023d02+96802]
	GetHandleVerifier [0x0x100e90a+9770]
	BaseThreadInitThunk [0x0x76a55d49+25]
	RtlInitializeExceptionChain [0x0x7726d2fb+107]
	RtlGetAppContainerNamedObjectPath [0x0x7726d281+561]
"
https://www.immobiliare.it/annunci/122118034/,,,,,,"Message: 
Stacktrace:
	GetHandleVerifier [0x0x101ba83+63395]
	GetHandleVerifier [0x0x101bac4+63460]
	(No symbol) [0x0xe62113]
	(No symbol) [0x0xeaa85e]
	(No symbol) [0x0xeaabfb]
	(No symbol) [0x0xef2f92]
	(No symbol) [0x0xecf3f4]
	(No symbol) [0x0xef07ba]
	(No symbol) [0x0xecf1a6]
	(No symbol) [0x0xe9e7b2]
	(No symbol) [0x0xe9f654]
	GetHandleVerifier [0x0x1298883+2672035]
	GetHandleVerifier [0x0x1293cba+2652634]
	GetHandleVerifier [0x0x1042bca+223466]
	GetHandleVerifier [0x0x1032cb8+158168]
	GetHandleVerifier [0x0x103978d+185517]
	GetHandleVerifier [0x0x1023b78+96408]
	GetHandleVerifier [0x0x1023d02+96802]
	GetHandleVerifier [0x0x100e90a+9770]
	BaseThreadInitThunk [0x0x76a55d49+25]
	RtlInitializeExceptionChain [0x0x7726d2fb+107]
	RtlGetAppContainerNamedObjectPath [0x0x7726d281+561]
"
https://www.immobiliare.it/annunci/122113396/,,,,,,"Message: 
Stacktrace:
	GetHandleVerifier [0x0x101ba83+63395]
	GetHandleVerifier [0x0x101bac4+63460]
	(No symbol) [0x0xe62113]
	(No symbol) [0x0xeaa85e]
	(No symbol) [0x0xeaabfb]
	(No symbol) [0x0xef2f92]
	(No symbol) [0x0xecf3f4]
	(No symbol) [0x0xef07ba]
	(No symbol) [0x0xecf1a6]
	(No symbol) [0x0xe9e7b2]
	(No symbol) [0x0xe9f654]
	GetHandleVerifier [0x0x1298883+2672035]
	GetHandleVerifier [0x0x1293cba+2652634]
	GetHandleVerifier [0x0x1042bca+223466]
	GetHandleVerifier [0x0x1032cb8+158168]
	GetHandleVerifier [0x0x103978d+185517]
	GetHandleVerifier [0x0x1023b78+96408]
	GetHandleVerifier [0x0x1023d02+96802]
	GetHandleVerifier [0x0x100e90a+9770]
	BaseThreadInitThunk [0x0x76a55d49+25]
	RtlInitializeExceptionChain [0x0x7726d2fb+107]
	RtlGetAppContainerNamedObjectPath [0x0x7726d281+561]
"
https://www.immobiliare.it/annunci/122120852/,,,,,,"Message: 
Stacktrace:
	GetHandleVerifier [0x0x101ba83+63395]
	GetHandleVerifier [0x0x101bac4+63460]
	(No symbol) [0x0xe62113]
	(No symbol) [0x0xeaa85e]
	(No symbol) [0x0xeaabfb]
	(No symbol) [0x0xef2f92]
	(No symbol) [0x0xecf3f4]
	(No symbol) [0x0xef07ba]
	(No symbol) [0x0xecf1a6]
	(No symbol) [0x0xe9e7b2]
	(No symbol) [0x0xe9f654]
	GetHandleVerifier [0x0x1298883+2672035]
	GetHandleVerifier [0x0x1293cba+2652634]
	GetHandleVerifier [0x0x1042bca+223466]
	GetHandleVerifier [0x0x1032cb8+158168]
	GetHandleVerifier [0x0x103978d+185517]
	GetHandleVerifier [0x0x1023b78+96408]
	GetHandleVerifier [0x0x1023d02+96802]
	GetHandleVerifier [0x0x100e90a+9770]
	BaseThreadInitThunk [0x0x76a55d49+25]
	RtlInitializeExceptionChain [0x0x7726d2fb+107]
	RtlGetAppContainerNamedObjectPath [0x0x7726d281+561]
"
https://www.immobiliare.it/annunci/122123016/,,,,,,"Message: 
Stacktrace:
	GetHandleVerifier [0x0x101ba83+63395]
	GetHandleVerifier [0x0x101bac4+63460]
	(No symbol) [0x0xe62113]
	(No symbol) [0x0xeaa85e]
	(No symbol) [0x0xeaabfb]
	(No symbol) [0x0xef2f92]
	(No symbol) [0x0xecf3f4]
	(No symbol) [0x0xef07ba]
	(No symbol) [0x0xecf1a6]
	(No symbol) [0x0xe9e7b2]
	(No symbol) [0x0xe9f654]
	GetHandleVerifier [0x0x1298883+2672035]
	GetHandleVerifier [0x0x1293cba+2652634]
	GetHandleVerifier [0x0x1042bca+223466]
	GetHandleVerifier [0x0x1032cb8+158168]
	GetHandleVerifier [0x0x103978d+185517]
	GetHandleVerifier [0x0x1023b78+96408]
	GetHandleVerifier [0x0x1023d02+96802]
	GetHandleVerifier [0x0x100e90a+9770]
	BaseThreadInitThunk [0x0x76a55d49+25]
	RtlInitializeExceptionChain [0x0x7726d2fb+107]
	RtlGetAppContainerNamedObjectPath [0x0x7726d281+561]
"
https://www.immobiliare.it/annunci/122108634/,,,,,,"Message: 
Stacktrace:
	GetHandleVerifier [0x0x101ba83+63395]
	GetHandleVerifier [0x0x101bac4+63460]
	(No symbol) [0x0xe62113]
	(No symbol) [0x0xeaa85e]
	(No symbol) [0x0xeaabfb]
	(No symbol) [0x0xef2f92]
	(No symbol) [0x0xecf3f4]
	(No symbol) [0x0xef07ba]
	(No symbol) [0x0xecf1a6]
	(No symbol) [0x0xe9e7b2]
	(No symbol) [0x0xe9f654]
	GetHandleVerifier [0x0x1298883+2672035]
	GetHandleVerifier [0x0x1293cba+2652634]
	GetHandleVerifier [0x0x1042bca+223466]
	GetHandleVerifier [0x0x1032cb8+158168]
	GetHandleVerifier [0x0x103978d+185517]
	GetHandleVerifier [0x0x1023b78+96408]
	GetHandleVerifier [0x0x1023d02+96802]
	GetHandleVerifier [0x0x100e90a+9770]
	BaseThreadInitThunk [0x0x76a55d49+25]
	RtlInitializeExceptionChain [0x0x7726d2fb+107]
	RtlGetAppContainerNamedObjectPath [0x0x7726d281+561]
"
https://www.immobiliare.it/annunci/122113144/,,,,,,"Message: 
Stacktrace:
	GetHandleVerifier [0x0x101ba83+63395]
	GetHandleVerifier [0x0x101bac4+63460]
	(No symbol) [0x0xe62113]
	(No symbol) [0x0xeaa85e]
	(No symbol) [0x0xeaabfb]
	(No symbol) [0x0xef2f92]
	(No symbol) [0x0xecf3f4]
	(No symbol) [0x0xef07ba]
	(No symbol) [0x0xecf1a6]
	(No symbol) [0x0xe9e7b2]
	(No symbol) [0x0xe9f654]
	GetHandleVerifier [0x0x1298883+2672035]
	GetHandleVerifier [0x0x1293cba+2652634]
	GetHandleVerifier [0x0x1042bca+223466]
	GetHandleVerifier [0x0x1032cb8+158168]
	GetHandleVerifier [0x0x103978d+185517]
	GetHandleVerifier [0x0x1023b78+96408]
	GetHandleVerifier [0x0x1023d02+96802]
	GetHandleVerifier [0x0x100e90a+9770]
	BaseThreadInitThunk [0x0x76a55d49+25]
	RtlInitializeExceptionChain [0x0x7726d2fb+107]
	RtlGetAppContainerNamedObjectPath [0x0x7726d281+561]
"
https://www.immobiliare.it/annunci/122122614/,,,,,,"Message: 
Stacktrace:
	GetHandleVerifier [0x0x101ba83+63395]
	GetHandleVerifier [0x0x101bac4+63460]
	(No symbol) [0x0xe62113]
	(No symbol) [0x0xeaa85e]
	(No symbol) [0x0xeaabfb]
	(No symbol) [0x0xef2f92]
	(No symbol) [0x0xecf3f4]
	(No symbol) [0x0xef07ba]
	(No symbol) [0x0xecf1a6]
	(No symbol) [0x0xe9e7b2]
	(No symbol) [0x0xe9f654]
	GetHandleVerifier [0x0x1298883+2672035]
	GetHandleVerifier [0x0x1293cba+2652634]
	GetHandleVerifier [0x0x1042bca+223466]
	GetHandleVerifier [0x0x1032cb8+158168]
	GetHandleVerifier [0x0x103978d+185517]
	GetHandleVerifier [0x0x1023b78+96408]
	GetHandleVerifier [0x0x1023d02+96802]
	GetHandleVerifier [0x0x100e90a+9770]
	BaseThreadInitThunk [0x0x76a55d49+25]
	RtlInitializeExceptionChain [0x0x7726d2fb+107]
	RtlGetAppContainerNamedObjectPath [0x0x7726d281+561]
"
https://www.immobiliare.it/annunci/122106682/,,,,,,"Message: 
Stacktrace:
	GetHandleVerifier [0x0x101ba83+63395]
	GetHandleVerifier [0x0x101bac4+63460]
	(No symbol) [0x0xe62113]
	(No symbol) [0x0xeaa85e]
	(No symbol) [0x0xeaabfb]
	(No symbol) [0x0xef2f92]
	(No symbol) [0x0xecf3f4]
	(No symbol) [0x0xef07ba]
	(No symbol) [0x0xecf1a6]
	(No symbol) [0x0xe9e7b2]
	(No symbol) [0x0xe9f654]
	GetHandleVerifier [0x0x1298883+2672035]
	GetHandleVerifier [0x0x1293cba+2652634]
	GetHandleVerifier [0x0x1042bca+223466]
	GetHandleVerifier [0x0x1032cb8+158168]
	GetHandleVerifier [0x0x103978d+185517]
	GetHandleVerifier [0x0x1023b78+96408]
	GetHandleVerifier [0x0x1023d02+96802]
	GetHandleVerifier [0x0x100e90a+9770]
	BaseThreadInitThunk [0x0x76a55d49+25]
	RtlInitializeExceptionChain [0x0x7726d2fb+107]
	RtlGetAppContainerNamedObjectPath [0x0x7726d281+561]
"
https://www.immobiliare.it/annunci/122124498/,,,,,,"Message: 
Stacktrace:
	GetHandleVerifier [0x0x101ba83+63395]
	GetHandleVerifier [0x0x101bac4+63460]
	(No symbol) [0x0xe62113]
	(No symbol) [0x0xeaa85e]
	(No symbol) [0x0xeaabfb]
	(No symbol) [0x0xef2f92]
	(No symbol) [0x0xecf3f4]
	(No symbol) [0x0xef07ba]
	(No symbol) [0x0xecf1a6]
	(No symbol) [0x0xe9e7b2]
	(No symbol) [0x0xe9f654]
	GetHandleVerifier [0x0x1298883+2672035]
	GetHandleVerifier [0x0x1293cba+2652634]
	GetHandleVerifier [0x0x1042bca+223466]
	GetHandleVerifier [0x0x1032cb8+158168]
	GetHandleVerifier [0x0x103978d+185517]
	GetHandleVerifier [0x0x1023b78+96408]
	GetHandleVerifier [0x0x1023d02+96802]
	GetHandleVerifier [0x0x100e90a+9770]
	BaseThreadInitThunk [0x0x76a55d49+25]
	RtlInitializeExceptionChain [0x0x7726d2fb+107]
	RtlGetAppContainerNamedObjectPath [0x0x7726d281+561]
"
https://www.immobiliare.it/annunci/122115182/,,,,,,"Message: 
Stacktrace:
	GetHandleVerifier [0x0x101ba83+63395]
	GetHandleVerifier [0x0x101bac4+63460]
	(No symbol) [0x0xe62113]
	(No symbol) [0x0xeaa85e]
	(No symbol) [0x0xeaabfb]
	(No symbol) [0x0xef2f92]
	(No symbol) [0x0xecf3f4]
	(No symbol) [0x0xef07ba]
	(No symbol) [0x0xecf1a6]
	(No symbol) [0x0xe9e7b2]
	(No symbol) [0x0xe9f654]
	GetHandleVerifier [0x0x1298883+2672035]
	GetHandleVerifier [0x0x1293cba+2652634]
	GetHandleVerifier [0x0x1042bca+223466]
	GetHandleVerifier [0x0x1032cb8+158168]
	GetHandleVerifier [0x0x103978d+185517]
	GetHandleVerifier [0x0x1023b78+96408]
	GetHandleVerifier [0x0x1023d02+96802]
	GetHandleVerifier [0x0x100e90a+9770]
	BaseThreadInitThunk [0x0x76a55d49+25]
	RtlInitializeExceptionChain [0x0x7726d2fb+107]
	RtlGetAppContainerNamedObjectPath [0x0x7726d281+561]
"
https://www.immobiliare.it/annunci/122118016/,,,,,,"Message: 
Stacktrace:
	GetHandleVerifier [0x0x101ba83+63395]
	GetHandleVerifier [0x0x101bac4+63460]
	(No symbol) [0x0xe62113]
	(No symbol) [0x0xeaa85e]
	(No symbol) [0x0xeaabfb]
	(No symbol) [0x0xef2f92]
	(No symbol) [0x0xecf3f4]
	(No symbol) [0x0xef07ba]
	(No symbol) [0x0xecf1a6]
	(No symbol) [0x0xe9e7b2]
	(No symbol) [0x0xe9f654]
	GetHandleVerifier [0x0x1298883+2672035]
	GetHandleVerifier [0x0x1293cba+2652634]
	GetHandleVerifier [0x0x1042bca+223466]
	GetHandleVerifier [0x0x1032cb8+158168]
	GetHandleVerifier [0x0x103978d+185517]
	GetHandleVerifier [0x0x1023b78+96408]
	GetHandleVerifier [0x0x1023d02+96802]
	GetHandleVerifier [0x0x100e90a+9770]
	BaseThreadInitThunk [0x0x76a55d49+25]
	RtlInitializeExceptionChain [0x0x7726d2fb+107]
	RtlGetAppContainerNamedObjectPath [0x0x7726d281+561]
"
