id,url,contract,agency_id,agency_url,agency_name,is_private_ad,is_new,is_luxury,formatted_price,price,bathrooms,bedrooms,floor,formatted_floor,total_floors,condition,rooms,has_elevators,surface,surface_formatted,type,caption,category,description,heating_type,air_conditioning,latitude,longitude,region,province,macrozone,microzone,city,country
120363838,https://www.immobiliare.it/annunci/120363838/,sale,agenzia,https://www.immobiliare.it/agenzie-immobiliari/128833/best-house-milano/,Best House,0,0,0,€ 215.000,215000,1,1,3,"3°, con ascensore",,,2,0,58,58 m²,Appartamento,"Mecenate: bilocale con balconata, in classe D",Residenziale,"Cerchi un bilocale in vendita PARZIALMENTE ARREDATO in zona Mecenate a Milano?

In un contesto tranquillo e ben servito a sud-est di Milano, precisamente in zona Mecenate, proponiamo in vendita un luminoso bilocale di 58 mq. 
L'appartamento accoglie con un pratico ingresso che conduce alla zona giorno. Qui troviamo un moderno open space con cucina a vista, illuminato da due finestre. 
L'ampio e confortevole soggiorno si apre su un generoso balcone di 12 mq, perfetto per godersi momenti di relax all'aria aperta. 
La zona notte comprende una camera matrimoniale con una funzionale cabina armadio.",,,45.4457,9.2465,Lombardia,Milano,Forlanini,Viale Ungheria - Mecenate,Milano,IT
119919826,https://www.immobiliare.it/annunci/119919826/,sale,agenzia,https://www.immobiliare.it/agenzie-immobiliari/130570/tempocasa-milano-mecenate/,TEMPOCASA Milano Mecenate,0,0,0,€ 220.000,220000,1,2,R,Piano rialzato,,,3,0,80,80 m²,Appartamento,Un angolo di quiete milanese tra passato e futuro.,Residenziale,"Rif: UN5PR3L - IMPORTANTE: PRIMA VISITA IN UFFICIO

Nel cuore del quartiere Morsenchio, in Viale Ungheria 5, sorge questa affascinante soluzione abitativa: un trilocale di 80 mq posto al piano rialzato di una palazzina degli anni ’60, immersa nel verde e impreziosita dal servizio di portineria mezza giornata. Un connubio perfetto tra eleganza d’epoca e comfort moderni.

L’appartamento, in ottime condizioni interne, accoglie i suoi ospiti con una doppia esposizione parallela che regala luce e respiro agli ambienti. Gli infissi in doppio vetro e la pavimentazione in ceramica uniforme conferiscon",,,45.4457,9.24401,Lombardia,Milano,Forlanini,Viale Ungheria - Mecenate,Milano,IT
117193509,https://www.immobiliare.it/annunci/117193509/,sale,agenzia,https://www.immobiliare.it/agenzie-immobiliari/130570/tempocasa-milano-mecenate/,TEMPOCASA Milano Mecenate,0,0,0,€ 250.000,250000,1,2,1,"1° piano, con ascensore",,,3,0,80,80 m²,Appartamento,INTERESSANTE 3 LOCALI IN STABILE RISTRUTTURATO A NUOVO,Residenziale,"rif: sa85p13l - importante: prima visita in ufficio! 

n.b.: classificazione energetica in fase di rivalutazione a seguito del bonus 110%.  

tempocasa bonfadini propone in vendita 3 locali, in via oreste slamone 85, milano inserito in un contesto residenziale verdeggiante e completo di servizio di portineria full time, l’appartamento di circa 80mq è posto al piano primo con ascensore di una palazzina recentemente rinnovata mediante il superbonus 110%, che oltre ad aver aggiornato le facciate, ha implementato: stutruttura antisismica, il cappotto termico, grazie al quale vi è minore dispersion",,,45.4463,9.2418,Lombardia,Milano,Forlanini,Viale Ungheria - Mecenate,Milano,IT
118234263,https://www.immobiliare.it/annunci/118234263/,sale,agenzia,https://www.immobiliare.it/agenzie-immobiliari/130570/tempocasa-milano-mecenate/,TEMPOCASA Milano Mecenate,0,0,0,€ 219.000,219000,1,1,2,"2° piano, con ascensore",,,2,0,87,87 m²,Appartamento,"AMPIO BILOCALE CON STUDIO IN VIA ROMUALDO BONFADINI 40, CLASSE C!!!",Residenziale,"Rif: B40P22L - IMPORTANTE: Prima visita in ufficio! 

Nel cuore di un contesto commerciale, all'interno di una palazzina di recente costruzione (2006), si trova questa splendida e ampia soluzione abitativa di 87 mq, un luogo pensato per chi desidera vivere gli spazi con armonia e comfort.

L’appartamento si apre su un luminoso soggiorno con cucina a vista, il vero cuore pulsante della casa, dove la convivialità si fonde con il calore di un ambiente accogliente e ben distribuito. Uno spazio ampio e arioso, perfetto per cene a lume di candela o per rilassarsi dopo una giornata intensa.

Opposto ",,,45.445,9.2369,Lombardia,Milano,Forlanini,Viale Ungheria - Mecenate,Milano,IT
119379963,https://www.immobiliare.it/annunci/119379963/,sale,agenzia,https://www.immobiliare.it/agenzie-immobiliari/130570/tempocasa-milano-mecenate/,TEMPOCASA Milano Mecenate,0,0,0,€ 390.000,390000,2,3,1,"1° piano, con ascensore",,,4,0,115,115 m²,Appartamento,4 LOCALI DA SCOPRIRE! UN'OSAI DI PACE E TRANQUILLITà NEL CUORE DEL QUARTIERE FORLANINI!,Residenziale,"Rif: PC8P14L - IMPORTANTE: prima visita in ufficio!!! 

NOTA BENE: Le immagini presenti nell’annuncio sono render realizzati sulla base delle reali dimensioni dell'immobile, senza modificarne la morfologia planimetrica.

In una delle zone più tranquille e verdeggianti di Milano, ti presentiamo una casa che racchiude spazio, funzionalità e luminosità.

Situato al PRIMO PIANO CON ASCENSORE, questo ampio QUADRILOCALE DI 115 mq ti accoglie con la sua atmosfera calda e familiare, perfetta per chi desidera una casa da personalizzare e trasformare nel proprio rifugio ideale. 

Appena varcata la sogli",,,45.4598,9.2494,Lombardia,Milano,Forlanini,Quartiere Forlanini,Milano,IT
118653101,https://www.immobiliare.it/annunci/118653101/,sale,agenzia,https://www.immobiliare.it/agenzie-immobiliari/130570/tempocasa-milano-mecenate/,TEMPOCASA Milano Mecenate,0,0,0,€ 550.000,550000,2,2,4,"4° piano, con ascensore",,,3,0,100,100 m²,Appartamento,AMPIO 3 LOCALI RISTRUTTURATO DOPPI SERVIZI CON POSTO AUTO!,Residenziale,"Rif: ZN16P43L - IMPORTANTE: prima visita in ufficio!!!

Un rifugio di eleganza e comfort, tra modernità e sostenibilità.

Nel cuore del quartiere Forlaniani, zona ottimamente servita dai vari mezzi di superfice oltre che dalla nuova metropolitana linea fermata Repetti e immersa nel verde in un contesto residenziale di recente sviluppo, questo raffinato trilocale si trova al quarto piano di una palazzina moderna del 2022, dotata di ascensore e progettata per rispettare standard di efficienza energetica grazie a quali ottiene una classificazione energetica B. Un'abitazione pensata per garantire ",,,45.4552,9.2486,Lombardia,Milano,Forlanini,Viale Ungheria - Mecenate,Milano,IT
118040369,https://www.immobiliare.it/annunci/118040369/,sale,agenzia,https://www.immobiliare.it/agenzie-immobiliari/130570/tempocasa-milano-mecenate/,TEMPOCASA Milano Mecenate,0,0,0,€ 270.000,270000,1,2,3,"3° piano, con ascensore",,,3,0,80,80 m²,Appartamento,"3 LOCALI RISTRUTTURATO A PIANO ALTO IN VIALE UNGHERIA 46, MILANO",Residenziale,"Rif: UN46P33L - IMPORTANTE: Prima visita in ufficio! 

TEMPOCASA BONFADINI PROPONE 3 LOCALI TOTALMENTE RISTRUTTURATO IN VIALE UNGHERIA 46, MILANO 

La Bonfadini RE S.R.L. propone 3 LOCALI TOTALMENTE E FINEMENTE RISTRUTTURATO in vendita, LIBERO DAL 1° GENNAIO 2026. 

Il tuo nuovo appartamento da sogno ti aspetta in Viale Ungheria 46, Milano! 
Se cerchi una casa accogliente e pronta per essere abitata, contornata da un contesto residenziale verdeggiante e ottimamente collegato non perdere quest’occasione unica! 
Entrando nell’immobile si sente subito la cura dei particolari e delle rifiniture ch",,,45.4461,9.2522,Lombardia,Milano,Forlanini,Viale Ungheria - Mecenate,Milano,IT
119172275,https://www.immobiliare.it/annunci/119172275/,sale,agenzia,https://www.immobiliare.it/agenzie-immobiliari/130570/tempocasa-milano-mecenate/,TEMPOCASA Milano Mecenate,0,0,0,€ 270.000,270000,1,2,2,2° piano,,,3,0,90,90 m²,Appartamento,Un angolo di serenità nel cuore di Milano: ampio 3 locali in Piazza Cartagine 4 ,Residenziale,"Rif: PZ4P23L - IMPORTANTE: Prima visita in ufficio! 

Immagina di svegliarti ogni giorno nel cuore pulsante di Milano, in un contesto esclusivo e residenziale, circondato dal verde e dalla tranquillità di un quartiere che unisce comodità e charme. Questo appartamento di 90 mq ti offre proprio tutto ciò: uno spazio ampio e luminoso, ideale per essere personalizzato e trasformato nella tua oasi privata. 

Situato al SECONDO PIANO di un elegante edificio dei primi anni '60, SENZA ASCENSORE, l'appartamento si distingue per una planimetria perfetta, capace di adattarsi alle tue esigenze e desideri.",,,45.4565,9.2385,Lombardia,Milano,Forlanini,Viale Ungheria - Mecenate,Milano,IT
119486283,https://www.immobiliare.it/annunci/119486283/,sale,agenzia,https://www.immobiliare.it/agenzie-immobiliari/130570/tempocasa-milano-mecenate/,TEMPOCASA Milano Mecenate,0,0,0,€ 465.000,465000,1,3,R,"Piano rialzato, con ascensore",,,4,0,105,105 m²,Appartamento,IN VIA MARIA MONTESSORI 9 LA TUA OASI DI PACE E SERENITà. QUADRILOCALE RUSTRUTTURATO!,Residenziale,"Rif: MM9PR4L - Importante: primo appuntamento in ufficio!

Nel cuore del QUARTIERE FORLANINI in un elegante contesto residenziale, dove il verde avvolge ogni angolo e la tranquillità regna, sorge questo splendido QUADRILOCALE, un rifugio perfetto per chi cerca armonia e comfort senza rinunciare alla comodità della città. 

Situato al piano rialzato DI VIA MARIA MONTESSORI 9 in un CONTESTO RESIDENZIALE DEGLI ANNI ‘60 IN OTTIME CONDIZIONI E CON PIACEVOLE FACCIATA IN MATTONE A VISTA SERVITA DA PROTINERIA FULL-TIME, questo interessante quattro locali accoglie con un’atmosfera moderna e raffinata. ",,,45.4599,9.2403,Lombardia,Milano,Forlanini,Quartiere Forlanini,Milano,IT
118927191,https://www.immobiliare.it/annunci/118927191/,sale,agenzia,https://www.immobiliare.it/agenzie-immobiliari/140950/abitare-agency/,Abitare Agency Srl,0,0,0,€ 599.500,599500,2,2,4,"4°, con ascensore",,,3,0,120,120 m²,Appartamento,SPAZIOSO TRILOCALE CON AMPIO TERRAZZO E BALCONE,Residenziale,"DETRAZIONE SISMA BONUS DI 48.000€ IN 10 ANNI.
Per accedere al beneficio, è previsto un limite di reddito annuo di 75.000€  

L’appartamento, situato al quarto piano, è composto da un ampio e luminoso soggiorno con cucina a vista, una camera matrimoniale con bagno en-suite e balcone ad uso esclusivo, una spaziosa camera singola e un ulteriore bagno. Fiore all’occhiello dell’appartamento è il grande terrazzo, vivibile e arredabile, accessibile sia dal soggiorno e che dalla camera singola. 

Scopri tutti i trilocali disponibili su malipiero12.it

IL PROGETTO:
Nello storico quartiere di Mecenate, ",,,45.4538,9.2442,Lombardia,Milano,Forlanini,Viale Ungheria - Mecenate,Milano,IT
119934370,https://www.immobiliare.it/annunci/119934370/,sale,agenzia,https://www.immobiliare.it/agenzie-immobiliari/140950/abitare-agency/,Abitare Agency Srl,0,0,0,€ 766.900,766900,2,3,6,"6°, con ascensore",,,4,0,146,146 m²,Appartamento,SPAZIOSO QUADRILOCALE CON AMPI TERRAZZI,Residenziale,"DETRAZIONE SISMA BONUS DI 48.000€ IN 10 ANNI.
Per accedere al beneficio, è previsto un limite di reddito annuo di 75.000€  

Il quadrilocale, situato al sesto piano, dispone di un ampio soggiorno con cucina a vista, reso luminoso grazie alle vetrate panoramiche e all’ottimale esposizione. La zona notte è invece composta da una camera matrimoniale, due spaziose camere singole e due bagni. Fiore all’occhiello dell’appartamento sono i tre terrazzi loggiati, vivibili e arredabili. Da uno di essi, in particolare, è possibile ammirare suggestive viste panoramiche sull’iconico skyline milanese.

Scop",,,45.4538,9.2442,Lombardia,Milano,Forlanini,Viale Ungheria - Mecenate,Milano,IT
106301113,https://www.immobiliare.it/annunci/106301113/,sale,agenzia,https://www.immobiliare.it/pro/248147/oneshot-solutions-milano/,Oneshot Real Estate Solutions,0,0,0,€ 250.000 - € 790.000,250000,,,,,,,1 - 4,0,43,43 m²,Progetto,OVIDIO MILANO EMPOWERING YOUR LIVING,Nuove costruzioni,"In Piazza Ovidio 4, in un quartiere in piena riqualificazione, a pochi passi dalla fermata Repetti della nuovissima linea Metro M4, che collega in pochi minuti all’aeroporto internazionale di Linate e a San Babila, sta nascendo Ovidio Milano.
 Un progetto di nuova costruzione e di piccole dimensioni, iperconnesso, per vivere appieno la città senza rinunciare al comfort esclusivo di un abitare senza compromessi sulla qualità, grazie ai piacevoli spazi esterni e alle amenities in linea con uno stile di vita contemporaneo: Sala polifunzionale, Concierge, Area delivery, Bike parking, Box auto.

Da",,,45.458,9.2403,Lombardia,Milano,Forlanini,Viale Ungheria - Mecenate,Milano,IT
119198729,https://www.immobiliare.it/annunci/119198729/,sale,agenzia,https://www.immobiliare.it/pro/248147/oneshot-solutions-milano/,Oneshot Real Estate Solutions,0,0,0,€ 250.000,250000,1,1,3,"3°, con ascensore",,,1,0,44,44 m²,Appartamento,OVIDIO MILANO EMPOWERING YOUR LIVING - SUITE.,Residenziale,"OVIDIO MILANO EMPOWERING YOUR LIVING. EMPOWERING YOUR INVESTMENT. 

In Piazza Ovidio 4, in un quartiere in piena riqualificazione, a pochi passi dalla fermata Repetti della nuovissima linea Metro M4, che collega in pochi minuti all’aeroporto internazionale di Linate e a San Babila, sta nascendo Ovidio Milano. 
Un progetto di nuova costruzione e di piccole dimensioni, iperconnesso per vivere appieno la città senza rinunciare al comfort esclusivo di un abitare senza compromessi sulla qualità, grazie ai piacevoli spazi esterni e alle amenities in linea con uno stile di vita contemporaneo: Sala po",,,45.458,9.2403,Lombardia,Milano,Forlanini,Viale Ungheria - Mecenate,Milano,IT
117783767,https://www.immobiliare.it/annunci/117783767/,sale,agenzia,https://www.immobiliare.it/agenzie-immobiliari/243152/quidcasa-milano/,QuidCasa,0,0,0,€ 289.000,289000,1,1,2,"2°, con ascensore",,,2,0,70,70 m²,Appartamento,Bilocale luminoso e silenzioso in contesto post-industriale,Residenziale,"Bilocale Luminoso in Ex Area Industriale Riqualificata – Via Mecenate 84, Milano
In un contesto post-industriale completamente riqualificato nei primi anni 2000, proponiamo in vendita un luminoso appartamento di 70 mq situato al secondo piano di un edificio con ascensore e servizio di portineria mezza giornata.
Caratteristiche dell'immobile:
Ampio soggiorno con angolo cottura
Disimpegno con zona lavanderia
Bagno finestrato
Camera matrimoniale con grande armadiatura
Ampie vetrate esposte a nord-ovest, che garantiscono una splendida luminosità e una vista sui caratteristici tetti delle prime ind",,,45.4517,9.2489,Lombardia,Milano,Forlanini,Viale Ungheria - Mecenate,Milano,IT
119198689,https://www.immobiliare.it/annunci/119198689/,sale,agenzia,https://www.immobiliare.it/pro/248147/oneshot-solutions-milano/,Oneshot Real Estate Solutions,0,0,1,€ 790.000,790000,2,3,4,"4°, con ascensore",,,4,0,130,130 m²,Attico - Mansarda,OVIDIO MILANO - ATTICO QUADRILOCALE,Residenziale,"OVIDIO MILANO. EMPOWERING YOUR LIVING. EMPOWERING YOUR INVESTMENT.

In Piazza Ovidio 4, in un quartiere in piena riqualificazione, a pochi passi dalla fermata Repetti della nuovissima linea Metro M4, che collega in pochi minuti all’aeroporto internazionale di Linate e a San Babila, sta nascendo Ovidio Milano.
Un progetto di nuova costruzione, iperconnesso per vivere appieno la città senza rinunciare al comfort esclusivo di un abitare senza compromessi sulla qualità, grazie ai piacevoli spazi esterni e alle amenities in linea con uno stile di vita contemporaneo: Sala polifunzionale, Concierge, ",,,45.458,9.2403,Lombardia,Milano,Forlanini,Viale Ungheria - Mecenate,Milano,IT
119198805,https://www.immobiliare.it/annunci/119198805/,sale,agenzia,https://www.immobiliare.it/pro/248147/oneshot-solutions-milano/,Oneshot Real Estate Solutions,0,0,0,€ 600.000,600000,2,2,2,"2°, con ascensore",,,3,0,112,112 m²,Appartamento,OVIDIO MILANO EMPOWERING YOUR LIVING - TRILOCALE,Residenziale,"EMPOWERING YOUR LIVING. EMPOWERING YOUR INVESTMENT.
In Piazza Ovidio 4, in un quartiere in piena riqualificazione, a pochi passi dalla fermata Repetti della nuovissima linea Metropolitana M4, che collega in pochi minuti all’aeroporto internazionale di Linate e a San Babila, sta nascendo Ovidio Milano. Un progetto di nuova costruzione, iperconnesso per vivere appieno la città senza rinunciare al comfort esclusivo di un abitare senza compromessi sulla qualità, grazie ai piacevoli spazi esterni e alle amenities in linea con uno stile di vita contemporaneo:
- Sala polifunzionale
- Concierge
- Area",,,45.458,9.2403,Lombardia,Milano,Forlanini,Viale Ungheria - Mecenate,Milano,IT
119969640,https://www.immobiliare.it/annunci/119969640/,sale,agenzia,https://www.immobiliare.it/agenzie-immobiliari/23550/remax-toro-gorgonzola/,RE/MAX Toro,0,0,1,€ 1.490.000,1490000,3+,3,,Su più livelli,,,5,0,327,327 m²,Loft,"Loft/Open Space in vendita a Milano, Forlanini",Residenziale,"In Via Mecenate all'interno dell'ex area delle Officine Aeronautiche Caproni, risalente agli anni '30, proponiamo in vendita  un meraviglioso loft (cat. C/3) di 327 mq, cielo terra, indipendente e armoniosamente inserito nel contesto della facciata a mattoni esterna
L'immobile si presenta in ottimo stato di conservazione e si sviluppa su due livelli
L'ingresso principale si apre su uno spazioso soggiorno ed è dotato di un'ampia zona pranzo con cucina a vista, perfetta per chi ama organizzare cene e serate di svago con gli amici.
Allo stesso livello troviamo un primo bagno, un locale lavanderia",,,45.4516,9.24823,Lombardia,Milano,Forlanini,Viale Ungheria - Mecenate,Milano,IT
119929630,https://www.immobiliare.it/annunci/119929630/,sale,agenzia,https://www.immobiliare.it/agenzie-immobiliari/208668/your-home-milano/,YOUR HOME - Real Estate,0,0,0,€ 190.000,190000,1,1,,"2 piani: Interrato (-1), 1°, con ascensore",,,2,0,68,68 m²,Appartamento,AMPIO BILOCALE IN OTTIME CONDIZIONI - VIALE UNGHERIA,Residenziale,"Proponiamo in vendita esclusiva a Milano, Viale Ungheria, ampio bilocale composto da ingresso, zona giorno con accesso al balcone, cucina separata, camera da letto matrimoniale con accesso al balcone e bagno. L'appartamento si presenta in ottime condizioni interne con rifacimento bagno, porte ed impianto elettrico. Doppia esposizione con affaccio interno, silenzioso e tranquillo. L'immobile insiste all'interno di un parco privato molto bel curato, custodito e recentemente ristrutturato, dotato di giardino ad uso condominiale. La zona è servita dai principali servizi ed è ben collegata con i pr",,,45.4462,9.2502,Lombardia,Milano,Forlanini,Viale Ungheria - Mecenate,Milano,IT
120264428,https://www.immobiliare.it/annunci/120264428/,sale,agenzia,https://www.immobiliare.it/agenzie-immobiliari/5272/arena-immobiliare-milano/,Arena Immobiliare S.R.L.,0,0,0,€ 249.000,249000,1,2,2,"2° piano, con ascensore",,,3,0,79,79 m²,Appartamento,"TRILOCALE IN OTTIMO STATO - VIA ROMUALDO BONFADINI, 94",Residenziale,"TRILOCALE IN OTTIMO STATO  -  SECONDO PIANO CON BALCONE E CANTINA

Arena Immobiliare propone in vendita trilocale ristrutturato al secondo piano, in stabile con ascensore e servizio di portineria.
La soluzione ampia e biesposta, si affaccia sul verde condominiale ben curato e gode di ottima tranquillità.

 COMPOSIZIONE: Ingresso su disimpegno, soggiorno con balcone angolare e cucina a vista, zona notte con cameretta, camera matrimoniale e bagno finestrato con box doccia

CARATTERISTICHE: Appartamento in ottimo stato mantenuto bene, Infissi in alluminio con doppi vetri, zanzariere e tapparelle,",,,45.4443,9.2428,Lombardia,Milano,Forlanini,Viale Ungheria - Mecenate,Milano,IT
120736048,https://www.immobiliare.it/annunci/120736048/,sale,agenzia,https://www.immobiliare.it/agenzie-immobiliari/140950/abitare-agency/,Abitare Agency Srl,0,1,0,€ 257.000,257000,1,,3,"3°, con ascensore",,,1,0,48,48 m²,Appartamento,MONOLOCALE CON BALCONE,Residenziale,"ARREDO INCLUSO COME DA VOUCHER ESSENTIAL PACK

Il monolocale, al secondo piano è composto da una zona giorno/notte con cucina a vista, resa luminosa dall’ affaccio sul balcone perfetto per godere di momenti di relax all’aperto. Completa l’abitazione un bagno.

Scopri tutti i monolocali disponibili su malipiero12.it

IL PROGETTO:
Nello storico quartiere di Mecenate, è in costruzione il nuovo complesso residenziale “Malipiero 12”. I due edifici che lo compongono presentano i più elevati standard costruttivi ed energetici; una filosofia progettuale improntata al risparmio energetico e all’attenzi",,,45.4538,9.2442,Lombardia,Milano,Forlanini,Viale Ungheria - Mecenate,Milano,IT
120731810,https://www.immobiliare.it/annunci/120731810/,sale,agenzia,https://www.immobiliare.it/agenzie-immobiliari/140950/abitare-agency/,Abitare Agency Srl,0,1,0,€ 327.900,327900,1,,2,"2°, con ascensore",,,1,0,65,65 m²,Appartamento,MONOLOCALE CON AMPIA LOGGIA,Residenziale,"ARREDO INCLUSO COME DA VOUCHER ESSENTIAL PACK

Il monolocale, al secondo piano è composto da un soggiorno con cucina a vista, con una parete d’arredo che divide dalla zona notte. Completa l’appartamento un bagno e un balcone.

Scopri tutti i monolocali disponibili su malipiero12.it

IL PROGETTO:
Nello storico quartiere di Mecenate, è in costruzione il nuovo complesso residenziale “Malipiero 12”. I due edifici che lo compongono presentano i più elevati standard costruttivi ed energetici; una filosofia progettuale improntata al risparmio energetico e all’attenzione verso l’ambiente.

SERVIZI E C",,,45.4538,9.2442,Lombardia,Milano,Forlanini,Viale Ungheria - Mecenate,Milano,IT
118860953,https://www.immobiliare.it/annunci/118860953/,sale,agenzia,https://www.immobiliare.it/agenzie-immobiliari/5272/arena-immobiliare-milano/,Arena Immobiliare S.R.L.,0,0,0,€ 259.000,259000,1,1,R,Piano rialzato,,,2,0,74,74 m²,Appartamento,"BILOCALE CON TAVERNA - VIA MARCO BRUTO, 11 - MM4 REPETTI",Residenziale,"BILOCALE VIA MARCO BRUTO, 11 - MM4 REPETTI
BASSE SPESE CONDOMINIALI - OTTIMO INVESTIMENTO - POSSIBILITA' BOX

ARENA IMMOBILIARE propone in vendita un ampio appartamento di due locali ubicato all'interno di una piccola palazzina, esclusiva nel cuore del quartiere Forlanini edificata negli anni ' 40 e composta da sole 4 unità abitative.
L'appartamento e' ben suddiviso nei suoi spazi interni e si presenta ristrutturato, ben rifinito con serramenti in legno e doppi vetri, aria condizionata, riscaldamento autonomo, scuri in legno originali, e copri finestre in vetro decorato colorato.
Pronto per es",,,45.4597,9.23916,Lombardia,Milano,Forlanini,Quartiere Forlanini,Milano,IT
120124184,https://www.immobiliare.it/annunci/120124184/,sale,agenzia,https://www.immobiliare.it/agenzie-immobiliari/5272/arena-immobiliare-milano/,Arena Immobiliare S.R.L.,0,0,0,€ 295.000,295000,1,2,R,Piano rialzato,,,3,0,82,82 m²,Appartamento,"TRILOCALE - VIA ALESSANDRO MAZZUCOTELLI, 5 - MM4 REPETTI",Residenziale,"AMPIO TRILOCALE IN BUONO STATO - DUE BALCONI E CANTINA

Arena Immobiliare propone in vendita trilocale in buono stato al piano rialzato, in stabile con servizio di portineria intera giornata.
La soluzione ampia e biesposta parallelamente, si affaccia sul verde condominiale ben curato e gode di ottima tranquillità.

COMPOSIZIONE: Ingresso su disimpegno, a sinistra ampio e luminoso soggiorno con balcoe, mentre a destra cucina semi-abitabile, anch'essa con balcone. Proseguendo verso la zona notte, troviamo sul lato destro, uno spazioso e comodo bagno finestrato, di seguito una cameretta. Di fianc",,,45.4614,9.245,Lombardia,Milano,Forlanini,Quartiere Forlanini,Milano,IT
119919680,https://www.immobiliare.it/annunci/119919680/,sale,agenzia,https://www.immobiliare.it/agenzie-immobiliari/5272/arena-immobiliare-milano/,Arena Immobiliare S.R.L.,0,0,0,€ 449.000,449000,1,3,4,"4° piano, con ascensore",,,4,0,100,100 m²,Appartamento,VIA BARIGOZZI - 4 LOCALI - PIANO ALTO - M4 REPETTI,Residenziale,"QUATTRO LOCALI - FERMATA M4 BLU REPETTI / FORLANINI

Posizione strategica: a 5 minuti a piedi dalla nuova fermata Metropolitana Linea blu Repetti / Forlanini, siamo in Via Barigozzi 22, vicinanza all'imbocco delle tangenziali .
ARENA IMMOBILIARE propone in vendita silenzioso e luminoso appartamento di 100 mq c.a, al 4° piano con ascensore, biesposto con 3 balconi.
L'appartamento si compone di: ingresso, soggiorno con balcone, cucinotto, 3 camere di cui 2 con balcone, bagno finestrato con vasca, cantina di pertinenza.  Pavimenti originali in marmette, tutte le finestre e porte finestre sono sta",,,45.4598,9.24382,Lombardia,Milano,Forlanini,Quartiere Forlanini,Milano,IT
118472681,https://www.immobiliare.it/annunci/118472681/,sale,agenzia,https://www.immobiliare.it/agenzie-immobiliari/244952/tempocasa-milano-santa-giulia/,Tempoagency Milano Santa Giulia,0,0,0,€ 459.000,459000,2,1,6,"6° piano, con ascensore",,,2,0,89,89 m²,Appartamento,BILOCALE IN VENDITA VIA COLORNI,Residenziale,,,,45.4416,9.24164,Lombardia,Milano,Forlanini,Viale Ungheria - Mecenate,Milano,IT
120164022,https://www.immobiliare.it/annunci/120164022/,sale,agenzia,https://www.immobiliare.it/agenzie-immobiliari/77745/gng-consulenze-sas/,GNG consulenze S.a.s.,0,0,0,€ 309.000,309000,2,2,T,"Piano terra, con ascensore",,,3,0,82,82 m²,Appartamento,"Recente costruzione, 3 locali con ampio giardino",Residenziale,,,,45.4578,9.2416,Lombardia,Milano,Forlanini,Quartiere Forlanini,Milano,IT
120163722,https://www.immobiliare.it/annunci/120163722/,sale,agenzia,https://www.immobiliare.it/agenzie-immobiliari/77745/gng-consulenze-sas/,GNG consulenze S.a.s.,0,0,0,€ 347.000,347000,2,2,2,"2°, con ascensore",,,3,0,90,90 m²,Appartamento,"Recente costruzione, appartamento con terrazzino",Residenziale,,,,45.4578,9.2416,Lombardia,Milano,Forlanini,Quartiere Forlanini,Milano,IT
120804362,https://www.immobiliare.it/annunci/120804362/,sale,agenzia,https://www.immobiliare.it/agenzie-immobiliari/411832/as-immobiliare-milano/,Next Home Milano,0,1,0,€ 285.000,285000,1,2,5,"5°, con ascensore",,,3,0,78,78 m²,Appartamento,LUMINOSO TRILOCALE COMPLETAMENTE  RISTRUTTURATO PIANO ALTO,Residenziale,,,,45.4464,9.2525,Lombardia,Milano,Forlanini,Viale Ungheria - Mecenate,Milano,IT
120741642,https://www.immobiliare.it/annunci/120741642/,sale,agenzia,https://www.immobiliare.it/agenzie-immobiliari/196025/one-real-estate-milano/,ONE REAL ESTATE - Milano,0,1,0,€ 320.000,320000,1,2,2,"2°, con ascensore",,,3,0,90,90 m²,Appartamento,LUMINOSO TRILOCALE IN RESIDENZIALE E VERDE CONTESTO!,Residenziale,,,,45.4599,9.2495,Lombardia,Milano,Forlanini,Quartiere Forlanini,Milano,IT
118618543,https://www.immobiliare.it/annunci/118618543/,sale,agenzia,https://www.immobiliare.it/agenzie-immobiliari/86110/filcasa-agency/,F.I.L. Casa Agency S.r.l.,0,0,0,€ 230.000,230000,1,2,3,"3°, con ascensore",,,3,0,78,78 m²,Appartamento,AD.ZE MECENATE – VIALE UNGHERIA - TRILOCALE CON BALCONI,Residenziale,,,,45.4464,9.2525,Lombardia,Milano,Forlanini,Viale Ungheria - Mecenate,Milano,IT
120261592,https://www.immobiliare.it/annunci/120261592/,sale,agenzia,https://www.immobiliare.it/agenzie-immobiliari/1915/sforza-milano/,SFORZA IMMOBILIARE - studio associato,0,0,0,€ 580.000,580000,2,3,6,"6°, con ascensore",,,5,0,190,190 m²,Appartamento,MM4 REPETTI VICINANZE (VIA MECENATE) APPARTAMENTO VENDITA,Residenziale,,,,45.452,9.2491,Lombardia,Milano,Forlanini,Viale Ungheria - Mecenate,Milano,IT
118628329,https://www.immobiliare.it/annunci/118628329/,sale,agenzia,https://www.immobiliare.it/agenzie-immobiliari/206405/procida-giuseppe-milano/,Procida Giuseppe- Agente Immobiliare,0,0,0,€ 285.000,285000,1,1,3,"3°, con ascensore",,,2,0,71,71 m²,Appartamento,"BILOCALE IN VENDITA VIA MECENATE 115, MILANO",Residenziale,,,,45.4479,9.2552,Lombardia,Milano,Forlanini,Viale Ungheria - Mecenate,Milano,IT
119997408,https://www.immobiliare.it/annunci/119997408/,sale,agenzia,https://www.immobiliare.it/agenzie-immobiliari/250201/atp-milano/,ATP Immobiliare,0,0,0,€ 750.000,750000,3,2,T,Piano terra,,,4,0,250,250 m²,Loft,Meraviglioso Loft,Residenziale,,,,45.4525,9.2457,Lombardia,Milano,Forlanini,Viale Ungheria - Mecenate,Milano,IT
119840740,https://www.immobiliare.it/annunci/119840740/,sale,agenzia,https://www.immobiliare.it/agenzie-immobiliari/242120/levia-milano/,Levia SRL,0,0,0,€ 275.000,275000,1,2,3,"3°, con ascensore",,,3,0,80,80 m²,Appartamento,TRILOCALE VIALE UNGHERIA 21/4,Residenziale,,,,45.4468,9.2525,Lombardia,Milano,Forlanini,Viale Ungheria - Mecenate,Milano,IT
120496882,https://www.immobiliare.it/annunci/120496882/,sale,agenzia,https://www.immobiliare.it/agenzie-immobiliari/242120/levia-milano/,Levia SRL,0,1,0,€ 379.000,379000,1,3,2,"2°, con ascensore",,,4,0,115,115 m²,Appartamento,QUADRILOCALE VIA MECENATE 23/2,Residenziale,,,,45.4563,9.2456,Lombardia,Milano,Forlanini,Quartiere Forlanini,Milano,IT
120093642,https://www.immobiliare.it/annunci/120093642/,sale,agenzia,https://www.immobiliare.it/agenzie-immobiliari/103478/motivocasa-milano/,Motivocasa,0,0,0,€ 210.000,210000,1,1,5,"5°, con ascensore",,,2,0,60,60 m²,Appartamento,"BILOCALE, RISTRUTTURATO, VIA ROMUALDO BONFADINI 98",Residenziale,,,,45.4446,9.2449,Lombardia,Milano,Forlanini,Viale Ungheria - Mecenate,Milano,IT
120101730,https://www.immobiliare.it/annunci/120101730/,sale,agenzia,https://www.immobiliare.it/agenzie-immobiliari/437579/tecnodomus/,Tecnodomus,0,0,0,€ 340.000,340000,1,1,,"2 piani: Interrato (-1), 3°, con ascensore",,,2,0,60,60 m²,Loft,LUMINOSO LOFT IN CLASSE A1,Residenziale,,,,45.4527,9.2428,Lombardia,Milano,Forlanini,Viale Ungheria - Mecenate,Milano,IT
119814758,https://www.immobiliare.it/annunci/119814758/,sale,agenzia,https://www.immobiliare.it/agenzie-immobiliari/8219/la-dimora-novate-milanese/,La Dimora,0,0,0,€ 360.000,360000,1,3,2,2°,,,4,0,100,100 m²,Appartamento,"4 LOCALI CON BOX, MILANO VIA ALFONSO COSSA 18",Residenziale,,,,45.4605,9.2456,Lombardia,Milano,Forlanini,Quartiere Forlanini,Milano,IT
120646364,https://www.immobiliare.it/annunci/120646364/,sale,agenzia,https://www.immobiliare.it/agenzie-immobiliari/438563/realtors-group/,Casando Agency Lombardia,0,1,0,€ 225.000,225000,1,1,R,"Piano rialzato, con ascensore",,,2,0,65,65 m²,Appartamento,BILOCALE COMPLETAMENTE RISTRUTTURATO A NUOVO CON CANTINA,Residenziale,,,,45.4462,9.251,Lombardia,Milano,Forlanini,Viale Ungheria - Mecenate,Milano,IT
120790338,https://www.immobiliare.it/annunci/120790338/,sale,agenzia,https://www.immobiliare.it/agenzie-immobiliari/437579/tecnodomus/,Tecnodomus,0,0,0,€ 290.000,290000,1,2,2,"2°, con ascensore",,,3,0,85,85 m²,Appartamento,TRILOCALE RISTRUTTURATO LIBERO SUBITO,Residenziale,,,,45.446,9.2524,Lombardia,Milano,Forlanini,Viale Ungheria - Mecenate,Milano,IT
117084943,https://www.immobiliare.it/annunci/117084943/,sale,agenzia,https://www.immobiliare.it/agenzie-immobiliari/34637/emporio-case-segrate/,Emporio Case Sas,0,0,0,€ 310.000,310000,1,2,,"2 piani: Interrato (-1), 3°, con ascensore",,,3,0,88,88 m²,Appartamento,Ottimo trilocale in Via Pecorini,Residenziale,,,,45.4589,9.2507,Lombardia,Milano,Forlanini,Quartiere Forlanini,Milano,IT
116774023,https://www.immobiliare.it/annunci/116774023/,sale,agenzia,https://www.immobiliare.it/agenzie-immobiliari/63141/elleffe-milano/,Elleffe & Associati s.a.s.,0,0,0,€ 275.000,275000,1,1,1,"1°, con ascensore",,,1,0,60,60 m²,Appartamento,Loft abitazione residenziale,Residenziale,,,,45.4517,9.2489,Lombardia,Milano,Forlanini,Viale Ungheria - Mecenate,Milano,IT
118248591,https://www.immobiliare.it/annunci/118248591/,sale,agenzia,https://www.immobiliare.it/agenzie-immobiliari/40294/90-peschiera-borromeo/,Immobiliare 90,0,0,0,€ 329.000,329000,1,2,1,"1°, con ascensore",,,3,0,70,70 m²,Appartamento,3 locali mq 70 commerciali con ampia cantina,Residenziale,,,,45.4517,9.2489,Lombardia,Milano,Forlanini,Viale Ungheria - Mecenate,Milano,IT
119568627,https://www.immobiliare.it/annunci/119568627/,sale,agenzia,https://www.immobiliare.it/agenzie-immobiliari/46862/km-gaggiano/,Km Immobiliare,0,0,0,€ 183.000,183000,1,,2,"2°, con ascensore",,,1,0,48,48 m²,Appartamento,GRANDE OPEN SPACE CON SPAZIO PER UNA CAMERA DA LETTO!,Residenziale,,,,45.4517,9.2489,Lombardia,Milano,Forlanini,Viale Ungheria - Mecenate,Milano,IT
119569861,https://www.immobiliare.it/annunci/119569861/,sale,agenzia,https://www.immobiliare.it/agenzie-immobiliari/46862/km-gaggiano/,Km Immobiliare,0,0,0,€ 186.000,186000,1,,3,"3°, con ascensore",,,1,0,48,48 m²,Appartamento,GRANDE OPEN SPACE CON SPAZIO PER UNA CAMERA DA LETTO!,Residenziale,,,,45.4517,9.2489,Lombardia,Milano,Forlanini,Viale Ungheria - Mecenate,Milano,IT
120548022,https://www.immobiliare.it/annunci/120548022/,sale,agenzia,https://www.immobiliare.it/agenzie-immobiliari/46862/km-gaggiano/,Km Immobiliare,0,0,0,€ 183.000,183000,1,,2,"2°, con ascensore",,,1,0,48,48 m²,Appartamento,GRANDE OPEN SPACE CON SPAZIO PER UNA CAMERA DA LETTO!,Residenziale,,,,45.4517,9.2489,Lombardia,Milano,Forlanini,Viale Ungheria - Mecenate,Milano,IT
114888459,https://www.immobiliare.it/annunci/114888459/,sale,agenzia,https://www.immobiliare.it/agenzie-immobiliari/633/rexer-milano-carducci/,Rexer,0,0,0,€ 330.000,330000,1,0,T,Piano terra,,,,0,55,55 m²,Appartamento,Vendesi appartamento in Via Tolentino a Milano,Residenziale,,,,45.4454,9.25667,Lombardia,Milano,Forlanini,Viale Ungheria - Mecenate,Milano,IT
110287563,https://www.immobiliare.it/annunci/110287563/,sale,agenzia,https://www.immobiliare.it/agenzie-immobiliari/425695/masterliving-immobiliare/,Masterliving Immobiliare,0,0,0,€ 326.000 - € 540.000,326000,,,,,,,2 - 3,0,66,66 m²,Progetto,MYLINE APPARTAMENTI DI NUOVA COSTRUZIONE IN VIA CAVRIANA 15,Nuove costruzioni,"39 appartamenti di design con ampi balconi e terrazzi.
In MyLine puoi trovare bilocali e trilocali da personalizzare in base alle tue esigenze,
realizzati con materiali innovativi e finiture di pregio per offrire il miglior
comfort abitativo. 
La vicinanza alla nuova M4 (150 metri dalla fermata Repetti) e la posizione strategica a 6 minuti dall’aeroporto di Linate
e a 9 minuti dal centro di Milano rendono gli appartamenti di MyLine la
soluzione ideale per chi vuole vivere la città, avere verde e servizi a
portata di mano e scoprire così un nuovo modo di abitare, vicino a tutto!",,,45.464,9.2408,Lombardia,Milano,Forlanini,Quartiere Forlanini,Milano,IT
115962979,https://www.immobiliare.it/annunci/115962979/,sale,agenzia,https://www.immobiliare.it/agenzie-immobiliari/396994/tecnorete-milano-viale-ungheria/,Affiliato Tecnorete: STUDIO IMMOBILIARE CORSICA SRL,0,0,0,€ 230.000,230000,1,1,6,"6° piano, con ascensore",,,2,0,67,67 m²,Appartamento,,Residenziale,,,,45.446,9.24874,Lombardia,Milano,Forlanini,Viale Ungheria - Mecenate,Milano,IT
112055475,https://www.immobiliare.it/annunci/112055475/,sale,agenzia,https://www.immobiliare.it/agenzie-immobiliari/130570/tempocasa-milano-mecenate/,TEMPOCASA Milano Mecenate,0,0,0,€ 340.000,340000,1,2,3,"3° piano, con ascensore",,,3,0,90,90 m²,Appartamento,"AMPIO TRILOCALE COMPLETAMENTE RISTRUTTURATO A PIANO ALTO IN VIA MECENATE 25, MILANO ",Residenziale,,,,45.4555,9.24472,Lombardia,Milano,Forlanini,Quartiere Forlanini,Milano,IT
120089890,https://www.immobiliare.it/annunci/120089890/,sale,agenzia,https://www.immobiliare.it/agenzie-immobiliari/396994/tecnorete-milano-viale-ungheria/,Affiliato Tecnorete: STUDIO IMMOBILIARE CORSICA SRL,0,0,0,€ 240.000,240000,1,2,3,"3° piano, con ascensore",,,3,0,80,80 m²,Appartamento,,Residenziale,,,,45.4454,9.25336,Lombardia,Milano,Forlanini,Viale Ungheria - Mecenate,Milano,IT
119998632,https://www.immobiliare.it/annunci/119998632/,sale,agenzia,https://www.immobiliare.it/agenzie-immobiliari/396994/tecnorete-milano-viale-ungheria/,Affiliato Tecnorete: STUDIO IMMOBILIARE CORSICA SRL,0,0,0,€ 289.000,289000,2,2,T,Piano terra,,,3,0,90,90 m²,Appartamento,,Residenziale,,,,45.4598,9.24537,Lombardia,Milano,Forlanini,Quartiere Forlanini,Milano,IT
113759165,https://www.immobiliare.it/annunci/113759165/,sale,agenzia,https://www.immobiliare.it/agenzie-immobiliari/130570/tempocasa-milano-mecenate/,TEMPOCASA Milano Mecenate,0,0,0,€ 470.000,470000,2,2,,Su più livelli,,,3,0,120,120 m²,Appartamento,VILLA SU 3 LIVELLI IN VIA ERMANNO BARIGOZZI ,Residenziale,,,,45.4602,9.2435,Lombardia,Milano,Forlanini,Quartiere Forlanini,Milano,IT
118541789,https://www.immobiliare.it/annunci/118541789/,sale,agenzia,https://www.immobiliare.it/agenzie-immobiliari/130570/tempocasa-milano-mecenate/,TEMPOCASA Milano Mecenate,0,0,0,€ 199.000,199000,1,1,2,"2° piano, con ascensore",,,2,0,60,60 m²,Appartamento,"BILOCALE, OTTIME CONDIZIONI, IN VIALE UNGHERIA 21!",Residenziale,,,,45.4464,9.2525,Lombardia,Milano,Forlanini,Viale Ungheria - Mecenate,Milano,IT
114645521,https://www.immobiliare.it/annunci/114645521/,sale,agenzia,https://www.immobiliare.it/agenzie-immobiliari/396994/tecnorete-milano-viale-ungheria/,Affiliato Tecnorete: STUDIO IMMOBILIARE CORSICA SRL,0,0,0,€ 205.000,205000,1,1,4,"4° piano, con ascensore",,,2,0,60,60 m²,Appartamento,,Residenziale,,,,45.446,9.24874,Lombardia,Milano,Forlanini,Viale Ungheria - Mecenate,Milano,IT
112927123,https://www.immobiliare.it/annunci/112927123/,sale,agenzia,https://www.immobiliare.it/agenzie-immobiliari/130570/tempocasa-milano-mecenate/,TEMPOCASA Milano Mecenate,0,0,0,€ 210.000,210000,1,1,1,"1° piano, con ascensore",,,2,0,60,60 m²,Appartamento,"BILOCALE RISTRUTTURATO IN VIA LUIGI SORDELLO 10, MILANO. ",Residenziale,,,,45.443,9.24556,Lombardia,Milano,Forlanini,Viale Ungheria - Mecenate,Milano,IT
117086733,https://www.immobiliare.it/annunci/117086733/,sale,agenzia,https://www.immobiliare.it/agenzie-immobiliari/396994/tecnorete-milano-viale-ungheria/,Affiliato Tecnorete: STUDIO IMMOBILIARE CORSICA SRL,0,0,0,€ 280.000,280000,1,3,4,"4° piano, con ascensore",,,4,0,79,79 m²,Appartamento,,Residenziale,,,,45.4454,9.24214,Lombardia,Milano,Forlanini,Viale Ungheria - Mecenate,Milano,IT
115882425,https://www.immobiliare.it/annunci/115882425/,sale,agenzia,https://www.immobiliare.it/agenzie-immobiliari/12980/programma-casa-segrate/,Programma Casa,0,0,0,€ 285.000,285000,1,2,8,"8°, con ascensore",,,3,0,90,90 m²,Appartamento,Panoramico 3 LOCALI con cantina e poss. box,Residenziale,,,,45.4568,9.2501,Lombardia,Milano,Forlanini,Quartiere Forlanini,Milano,IT
118647631,https://www.immobiliare.it/annunci/118647631/,sale,agenzia,https://www.immobiliare.it/agenzie-immobiliari/397098/vivocasa-milano/,Vivocasa,0,0,0,€ 365.000,365000,1,3,1,"1°, con ascensore",,,4,0,105,105 m²,Appartamento,QUADRILOCALE RISTRUTTURATO CON DUE BALCONI,Residenziale,,,,45.4455,9.2429,Lombardia,Milano,Forlanini,Viale Ungheria - Mecenate,Milano,IT
120813678,https://www.immobiliare.it/annunci/120813678/,sale,agenzia,https://www.immobiliare.it/agenzie-immobiliari/396994/tecnorete-milano-viale-ungheria/,Affiliato Tecnorete: STUDIO IMMOBILIARE CORSICA SRL,0,1,0,€ 175.000,175000,1,1,R,"Piano rialzato, con ascensore",,,2,0,60,60 m²,Appartamento,,Residenziale,,,,45.4454,9.25336,Lombardia,Milano,Forlanini,Viale Ungheria - Mecenate,Milano,IT
112792691,https://www.immobiliare.it/annunci/112792691/,sale,agenzia,https://www.immobiliare.it/agenzie-immobiliari/220422/redex/,Redex Properties & Solutions,0,0,0,€ 390.000,390000,1,2,7,"7°, con ascensore",,,3,0,110,110 m²,Appartamento,TRILOCALE VIA MECENATE,Residenziale,,,,45.452,9.2491,Lombardia,Milano,Forlanini,Viale Ungheria - Mecenate,Milano,IT
118956643,https://www.immobiliare.it/annunci/118956643/,sale,agenzia,https://www.immobiliare.it/agenzie-immobiliari/130570/tempocasa-milano-mecenate/,TEMPOCASA Milano Mecenate,0,0,0,€ 158.000,158000,1,1,6,"6° piano, con ascensore",,,3,0,80,80 m²,Appartamento,"VENDESI NUDA PROPRIETà DI UN 3 LOCALI IN VIA ROMUALDO BONFADINI 94, MILANO",Residenziale,,,,45.4446,9.24472,Lombardia,Milano,Forlanini,Viale Ungheria - Mecenate,Milano,IT
119450977,https://www.immobiliare.it/annunci/119450977/,sale,agenzia,https://www.immobiliare.it/agenzie-immobiliari/130570/tempocasa-milano-mecenate/,TEMPOCASA Milano Mecenate,0,0,0,€ 225.000,225000,1,2,1,"1° piano, con ascensore",,,3,0,80,80 m²,Appartamento,OTTIMA OPPORTUNITÀ DI INVESTIMENTO – TRILOCALE LOCATO A MILANO ,Residenziale,,,,45.4463,9.2416,Lombardia,Milano,Forlanini,Viale Ungheria - Mecenate,Milano,IT
115976975,https://www.immobiliare.it/annunci/115976975/,sale,agenzia,https://www.immobiliare.it/agenzie-immobiliari/130570/tempocasa-milano-mecenate/,TEMPOCASA Milano Mecenate,0,0,0,€ 228.000,228000,1,1,4,"4° piano, con ascensore",,,2,0,60,60 m²,Appartamento,2 LOCALI A PIANO ALTO IN PALAZZINA CON CAPPOTTO TERMICO.,Residenziale,,,,45.4461,9.2492,Lombardia,Milano,Forlanini,Viale Ungheria - Mecenate,Milano,IT
119936544,https://www.immobiliare.it/annunci/119936544/,sale,agenzia,https://www.immobiliare.it/agenzie-immobiliari/140950/abitare-agency/,Abitare Agency Srl,0,0,0,€ 214.800 - € 766.900,214800,,,,,,,1 - 4,0,38,38 m²,Progetto,NUOVA COSTRUZIONE IN VIA MALIPIERO A MILANO,Nuove costruzioni,"DETRAZIONE SISMA BONUS DI 48.000€ IN 10 ANNI.
Per accedere al beneficio, è previsto un limite di reddito annuo di 75.000€  

Scopri tutte le tipologie su malipiero12.it

IL PROGETTO:
Nello storico quartiere di Mecenate, è in costruzione il nuovo complesso residenziale “Malipiero 12”. I due edifici che lo compongono presentano i più elevati standard costruttivi ed energetici; una filosofia progettuale improntata al risparmio energetico e all’attenzione verso l’ambiente.

SERVIZI E CONTESTO:
Il complesso offre la comodità del servizio di conciergerie, area fitness, un ampio parcheggio per le bic",,,45.4538,9.2442,Lombardia,Milano,Forlanini,Viale Ungheria - Mecenate,Milano,IT
116507575,https://www.immobiliare.it/annunci/116507575/,sale,agenzia,https://www.immobiliare.it/agenzie-immobiliari/396994/tecnorete-milano-viale-ungheria/,Affiliato Tecnorete: STUDIO IMMOBILIARE CORSICA SRL,0,0,0,€ 263.000,263000,1,2,6,"6°, con ascensore",,,3,0,81,81 m²,Appartamento,Trilocale in ottimo stato,Residenziale,,,,45.4443,9.2428,Lombardia,Milano,Forlanini,Viale Ungheria - Mecenate,Milano,IT
113716289,https://www.immobiliare.it/annunci/113716289/,sale,agenzia,https://www.immobiliare.it/agenzie-immobiliari/130570/tempocasa-milano-mecenate/,TEMPOCASA Milano Mecenate,0,0,0,€ 225.000,225000,1,1,1,"1° piano, con ascensore",,,2,0,60,60 m²,Appartamento,"2 LOCALI TOTALMENTE RISTRUTTURATO IN VIA R. BONFADINI 98, MILANO",Residenziale,,,,45.4446,9.2449,Lombardia,Milano,Forlanini,Viale Ungheria - Mecenate,Milano,IT
118899591,https://www.immobiliare.it/annunci/118899591/,sale,agenzia,https://www.immobiliare.it/agenzie-immobiliari/411598/colangelo-caronno-pertusella/,Nicolò Colangelo - STUDIO IMMOBILIARE,0,0,0,€ 298.000,298000,1,2,,"2 piani: Interrato (-1), Piano rialzato, con ascensore",,,3,0,97,97 m²,Appartamento,TRILOCALE IN ZONA RESIDENZIALE,Residenziale,,,,45.4603,9.2469,Lombardia,Milano,Forlanini,Quartiere Forlanini,Milano,IT
118904011,https://www.immobiliare.it/annunci/118904011/,sale,agenzia,https://www.immobiliare.it/agenzie-immobiliari/130570/tempocasa-milano-mecenate/,TEMPOCASA Milano Mecenate,0,0,0,€ 349.000,349000,2,2,1,1° piano,,,3,0,95,95 m²,Appartamento,AMPIO 3LOCALI RISTRUTTURATO A BREVE DISTANZA DALLA METROPOLITANADI REPETTI,Residenziale,,,,45.4597,9.2454,Lombardia,Milano,Forlanini,Quartiere Forlanini,Milano,IT
116383227,https://www.immobiliare.it/annunci/116383227/,sale,agenzia,https://www.immobiliare.it/agenzie-immobiliari/122438/coldwell-banker-milano-via-boccaccio/,Coldwell Banker - Reliance Group,0,0,0,€ 200.000,200000,1,1,,"2 piani: Interrato (-1), 6°, con ascensore",,,2,0,68,68 m²,Appartamento,VIALE UNGHERIA – AMPIO BILOCALE CON BALCONE,Residenziale,,,,45.446,9.2524,Lombardia,Milano,Forlanini,Viale Ungheria - Mecenate,Milano,IT
116422733,https://www.immobiliare.it/annunci/116422733/,sale,agenzia,https://www.immobiliare.it/agenzie-immobiliari/130570/tempocasa-milano-mecenate/,TEMPOCASA Milano Mecenate,0,0,0,€ 238.000,238000,1,2,1,"1° piano, con ascensore",,,3,0,80,80 m²,Appartamento," INTERESSANTE 3 LOCALI CON POSSIBILITà DI BOX IN VIA LUIGI SORDELLO 10, MILANO  ",Residenziale,,,,45.443,9.24556,Lombardia,Milano,Forlanini,Viale Ungheria - Mecenate,Milano,IT
120213484,https://www.immobiliare.it/annunci/120213484/,sale,agenzia,https://www.immobiliare.it/agenzie-immobiliari/130570/tempocasa-milano-mecenate/,TEMPOCASA Milano Mecenate,0,0,0,€ 430.000,430000,2,3,R,"Piano rialzato, con ascensore",,,4,0,104,104 m²,Appartamento,"Un angolo di quiete nel cuore di Milano — Eleganza, spazio e natura in Via Norico 2",Residenziale,,,,45.4531,9.2381,Lombardia,Milano,Forlanini,Viale Ungheria - Mecenate,Milano,IT
120169550,https://www.immobiliare.it/annunci/120169550/,sale,agenzia,https://www.immobiliare.it/agenzie-immobiliari/77745/gng-consulenze-sas/,GNG consulenze S.a.s.,0,0,0,€ 298.000,298000,1,2,T,"Piano terra, con ascensore",,,3,0,85,85 m²,Appartamento,"Zona Piazza Ovidio, 3 locali con giardino",Residenziale,,,,45.4578,9.2416,Lombardia,Milano,Forlanini,Quartiere Forlanini,Milano,IT
117293465,https://www.immobiliare.it/annunci/117293465/,sale,agenzia,https://www.immobiliare.it/pro/397820/dhomemilano/,Dhome Real Estate srl,0,0,0,€ 320.000,320000,1,1,1,"1°, con ascensore",,,2,0,50,50 m²,Appartamento,APPARTAMENTO SEMI-INDIPENDENTE CON GIARDINO E BOX,Residenziale,,,,45.4511,9.248,Lombardia,Milano,Forlanini,Viale Ungheria - Mecenate,Milano,IT
99850202,https://www.immobiliare.it/annunci/99850202/,sale,agenzia,https://www.immobiliare.it/agenzie-immobiliari/37462/immobili-di-pregio-milano/,Immobili di Pregio srl,0,0,0,€ 295.000,295000,2,3,R,"Piano rialzato, con ascensore",,,4,0,130,130 m²,Appartamento,NUDA PROPRIETÀ,Residenziale,,,,45.4568,9.2396,Lombardia,Milano,Forlanini,Viale Ungheria - Mecenate,Milano,IT
118902413,https://www.immobiliare.it/annunci/118902413/,sale,agenzia,https://www.immobiliare.it/agenzie-immobiliari/411154/fast-house-real-estate-milano/,Fast House Real Estate srl,0,0,0,€ 250.000,250000,1,2,4,"4°, con ascensore",,,3,0,75,75 m²,Appartamento,"Trilocale Ristrutturato in Vendita - Viale Ungheria, Milano",Residenziale,,,,45.4464,9.2525,Lombardia,Milano,Forlanini,Viale Ungheria - Mecenate,Milano,IT
119457579,https://www.immobiliare.it/annunci/119457579/,sale,agenzia,https://www.immobiliare.it/agenzie-immobiliari/220290/gabetti-milano-piazzale-abbiategrasso/,Gabetti Franchising Milano Piazzale Abbiategrasso,0,0,0,€ 340.000,340000,1,2,4,"4°, con ascensore",,,3,0,106,106 m²,Appartamento,Appartamento,Residenziale,,,,45.4567,9.2395,Lombardia,Milano,Forlanini,Viale Ungheria - Mecenate,Milano,IT
117388803,https://www.immobiliare.it/annunci/117388803/,sale,agenzia,https://www.immobiliare.it/agenzie-immobiliari/42941/obiettivocasa-milano-via-pordenone/,Obiettivocasa,0,0,0,€ 495.000,495000,2,3,R,Piano rialzato,,,4,0,145,145 m²,Appartamento,- - - - NUOVA SOLUZIONE IN CLASSE ENERGETICA D ! - - - - -,Residenziale,,,,45.4518,9.2436,Lombardia,Milano,Forlanini,Viale Ungheria - Mecenate,Milano,IT
120321098,https://www.immobiliare.it/annunci/120321098/,sale,agenzia,https://www.immobiliare.it/agenzie-immobiliari/28201/meta-san-donato/,Meta Immobiliare - Massimo Valore Certificato,0,0,0,€ 485.000,485000,2,2,T,Piano terra,,,3,0,133,133 m²,Loft,"Milano, via Mecenate - Ampio loft accanto studi RAI",Residenziale,,,,45.4527,9.248,Lombardia,Milano,Forlanini,Viale Ungheria - Mecenate,Milano,IT
119198979,https://www.immobiliare.it/annunci/119198979/,sale,agenzia,https://www.immobiliare.it/pro/248147/oneshot-solutions-milano/,Oneshot Real Estate Solutions,0,0,0,€ 450.000,450000,1,2,3,"3°, con ascensore",,,3,0,81,81 m²,Appartamento,OVIDIO MILANO EMPOWERING YOUR LIVING - TRILOCALE SMART.,Residenziale,,,,45.458,9.2403,Lombardia,Milano,Forlanini,Viale Ungheria - Mecenate,Milano,IT
119198741,https://www.immobiliare.it/annunci/119198741/,sale,agenzia,https://www.immobiliare.it/pro/248147/oneshot-solutions-milano/,Oneshot Real Estate Solutions,0,0,0,€ 500.000,500000,1,2,4,"4°, con ascensore",,,3,0,84,84 m²,Appartamento,OVIDIO MILANO - TRILOCALE DI NUOVA COSTRUZIONE,Residenziale,,,,45.458,9.2403,Lombardia,Milano,Forlanini,Viale Ungheria - Mecenate,Milano,IT
120576234,https://www.immobiliare.it/annunci/120576234/,sale,agenzia,https://www.immobiliare.it/agenzie-immobiliari/398300/iconacasa-milano-mecenate/,Iconacasa Milano Mecenate,0,0,0,€ 258.000,258000,1,1,1,"1°, con ascensore",,,2,0,70,70 m²,Appartamento,AMPIO BILOCALE RISTRUTTURATO CON POSTO AUTO E CANTINA,Residenziale,,,,45.4552,9.2486,Lombardia,Milano,Forlanini,Viale Ungheria - Mecenate,Milano,IT
119198967,https://www.immobiliare.it/annunci/119198967/,sale,agenzia,https://www.immobiliare.it/pro/248147/oneshot-solutions-milano/,Oneshot Real Estate Solutions,0,0,0,€ 620.000,620000,2,2,3,"3°, con ascensore",,,3,0,112,112 m²,Appartamento,OVIDIO MILANO EMPOWERING YOUR LIVING – TRILOCALE.,Residenziale,,,,45.458,9.2403,Lombardia,Milano,Forlanini,Viale Ungheria - Mecenate,Milano,IT
120472070,https://www.immobiliare.it/annunci/120472070/,auction,agenzia,https://www.immobiliare.it/pro/390334/aste-florio/,Aste Florio,0,1,0,"€ 128.790,00",128790,,1,3,3°,,,1,0,58,58 m²,Appartamento,Fabbricato all'asta in Viale Ungheria,Residenziale,,,,45.44731903,9.25568008,Lombardia,Milano,Forlanini,Viale Ungheria - Mecenate,Milano,IT
119198763,https://www.immobiliare.it/annunci/119198763/,sale,agenzia,https://www.immobiliare.it/pro/248147/oneshot-solutions-milano/,Oneshot Real Estate Solutions,0,0,0,€ 390.000,390000,2,1,2,"2°, con ascensore",,,2,0,73,73 m²,Appartamento,OVIDIO MILANO EMPOWERING YOUR LIVING –  BILOCALE DELUXE,Residenziale,,,,45.458,9.2403,Lombardia,Milano,Forlanini,Viale Ungheria - Mecenate,Milano,IT
118694653,https://www.immobiliare.it/annunci/118694653/,sale,agenzia,https://www.immobiliare.it/agenzie-immobiliari/235662/capitani-milano/,Capitani Immobiliare Srl,0,0,0,€ 425.000,425000,2,2,2,"2°, con ascensore",,,3,0,98,98 m²,Appartamento,"Trilocale su due livelli, doppi servizi e terrazzo.",Residenziale,,,,45.4524,9.2431,Lombardia,Milano,Forlanini,Viale Ungheria - Mecenate,Milano,IT
119198943,https://www.immobiliare.it/annunci/119198943/,sale,agenzia,https://www.immobiliare.it/pro/248147/oneshot-solutions-milano/,Oneshot Real Estate Solutions,0,0,0,€ 380.000,380000,1,2,1,"1°, con ascensore",,,3,0,75,75 m²,Appartamento,OVIDIO MILANO EMPOWERING YOUR LIVING - TRILOCALE.,Residenziale,,,,45.458,9.2403,Lombardia,Milano,Forlanini,Viale Ungheria - Mecenate,Milano,IT
120006144,https://www.immobiliare.it/annunci/120006144/,sale,agenzia,https://www.immobiliare.it/agenzie-immobiliari/396994/tecnorete-milano-viale-ungheria/,Affiliato Tecnorete: STUDIO IMMOBILIARE CORSICA SRL,0,0,0,€ 290.000,290000,1,2,2,"2° piano, con ascensore",,,3,0,85,85 m²,Appartamento,,Residenziale,,,,45.4458,9.25298,Lombardia,Milano,Forlanini,Viale Ungheria - Mecenate,Milano,IT
115738943,https://www.immobiliare.it/annunci/115738943/,sale,agenzia,https://www.immobiliare.it/pro/248147/oneshot-solutions-milano/,Oneshot Real Estate Solutions,0,0,0,€ 270.000,270000,1,1,3,"3°, con ascensore",,,1,0,47,47 m²,Appartamento,OVIDIO MILANO EMPOWERING YOUR LIVING – SUITE,Residenziale,,,,45.458,9.2403,Lombardia,Milano,Forlanini,Viale Ungheria - Mecenate,Milano,IT
118492265,https://www.immobiliare.it/annunci/118492265/,sale,agenzia,https://www.immobiliare.it/agenzie-immobiliari/130570/tempocasa-milano-mecenate/,TEMPOCASA Milano Mecenate,0,0,0,prezzo su richiesta,,2,3,5,"5° piano, con ascensore",,,4,0,171,171 m²,Appartamento,AMPIO 4 LOCALI RISTRUTTURATO A PIANO ALTO IN PALAZZINA DI RECENTE COSTRUZIONE,Residenziale,,,,45.4445,9.2474,Lombardia,Milano,Forlanini,Viale Ungheria - Mecenate,Milano,IT
119198783,https://www.immobiliare.it/annunci/119198783/,sale,agenzia,https://www.immobiliare.it/pro/248147/oneshot-solutions-milano/,Oneshot Real Estate Solutions,0,0,0,€ 290.000,290000,1,1,2,"2°, con ascensore",,,1,0,54,54 m²,Appartamento,OVIDIO MILANO EMPOWERING YOUR LIVING - SUITE.,Residenziale,,,,45.458,9.2403,Lombardia,Milano,Forlanini,Viale Ungheria - Mecenate,Milano,IT
120465420,https://www.immobiliare.it/annunci/120465420/,sale,agenzia,https://www.immobiliare.it/agenzie-immobiliari/242912/remax-class-4-milano-via-cenisio/,RE/MAX Class 4,0,1,0,€ 285.000,285000,1,1,1,"1°, con ascensore",,,2,0,70,70 m²,Appartamento,SPLENDIDO BILOCALE RECENTE COSTRUZIONE,Residenziale,,,,45.4527,9.2425,Lombardia,Milano,Forlanini,Viale Ungheria - Mecenate,Milano,IT
120656180,https://www.immobiliare.it/annunci/120656180/,sale,agenzia,https://www.immobiliare.it/agenzie-immobiliari/417231/iad-orsi/,iad - Andrea Orsi,0,1,0,€ 197.000,197000,1,1,6,"6°, con ascensore",,,2,0,66,66 m²,Appartamento,Appartamento in vendita a Milano,Residenziale,,,,45.4462,9.2511,Lombardia,Milano,Forlanini,Viale Ungheria - Mecenate,Milano,IT
118392781,https://www.immobiliare.it/annunci/118392781/,sale,agenzia,https://www.immobiliare.it/agenzie-immobiliari/398300/iconacasa-milano-mecenate/,Iconacasa Milano Mecenate,0,0,0,€ 245.000,245000,1,2,2,"2°, con ascensore",,,3,0,80,80 m²,Appartamento,TRILOCALE CON DOPPIA ESPOSIZIONE,Residenziale,,,,45.4458,9.2418,Lombardia,Milano,Forlanini,Viale Ungheria - Mecenate,Milano,IT
110350157,https://www.immobiliare.it/annunci/110350157/,sale,agenzia,https://www.immobiliare.it/agenzie-immobiliari/425695/masterliving-immobiliare/,Masterliving Immobiliare,0,0,0,€ 540.000,540000,2,2,T,"Piano terra, con ascensore",,,3,0,113,113 m²,Appartamento,"TRILOCALE CON GIARDINO PRIVATO, VIA CAVRIANA 15, MILANO",Residenziale,,,,45.464,9.2408,Lombardia,Milano,Forlanini,,Milano,IT
120340154,https://www.immobiliare.it/annunci/120340154/,sale,agenzia,https://www.immobiliare.it/agenzie-immobiliari/1098/ramo-milano/,RAMO Immobiliare,0,0,0,€ 259.000,259000,1,1,4,"4°, con ascensore",,,2,0,75,75 m²,Appartamento,"Ampio bilocale ristrutturato viale Ungheria, Milano",Residenziale,,,,45.4461,9.2492,Lombardia,Milano,Forlanini,Viale Ungheria - Mecenate,Milano,IT
120337408,https://www.immobiliare.it/annunci/120337408/,sale,agenzia,https://www.immobiliare.it/agenzie-immobiliari/1098/ramo-milano/,RAMO Immobiliare,0,0,0,€ 259.000,259000,1,2,4,"4°, con ascensore",,,3,0,75,75 m²,Appartamento,Appartamento ristrutturato ultimo piano viale Ungheria Milan,Residenziale,,,,45.4461,9.2492,Lombardia,Milano,Forlanini,Viale Ungheria - Mecenate,Milano,IT
120101412,https://www.immobiliare.it/annunci/120101412/,sale,agenzia,https://www.immobiliare.it/agenzie-immobiliari/235662/capitani-milano/,Capitani Immobiliare Srl,0,0,0,€ 340.000,340000,1,1,3,"3°, con ascensore",,,2,0,50,50 m²,Loft,Splendido Loft luminoso,Residenziale,,,,45.4527,9.2428,Lombardia,Milano,Forlanini,Viale Ungheria - Mecenate,Milano,IT
110351439,https://www.immobiliare.it/annunci/110351439/,sale,agenzia,https://www.immobiliare.it/agenzie-immobiliari/425695/masterliving-immobiliare/,Masterliving Immobiliare,0,0,0,€ 326.000,326000,1,1,1,"1°, con ascensore",,,2,0,67,67 m²,Appartamento,"BILOCALE CON TERRAZZO, VIA CAVRIANA 15, MILANO",Residenziale,,,,45.464,9.2408,Lombardia,Milano,Forlanini,,Milano,IT
110352763,https://www.immobiliare.it/annunci/110352763/,sale,agenzia,https://www.immobiliare.it/agenzie-immobiliari/425695/masterliving-immobiliare/,Masterliving Immobiliare,0,0,0,€ 370.000,370000,1,1,6,"6°, con ascensore",,,2,0,68,68 m²,Appartamento,"BILOCALE CON TERRAZZO, VIA CAVRIANA 15, MILANO",Residenziale,,,,45.464,9.2408,Lombardia,Milano,Forlanini,Quartiere Forlanini,Milano,IT
110351359,https://www.immobiliare.it/annunci/110351359/,sale,agenzia,https://www.immobiliare.it/agenzie-immobiliari/425695/masterliving-immobiliare/,Masterliving Immobiliare,0,0,0,€ 348.000,348000,1,1,4,"4°, con ascensore",,,2,0,66,66 m²,Appartamento,"BILOCALE CON TERRAZZO, VIA CAVRIANA 15, MILANO",Residenziale,,,,45.464,9.2408,Lombardia,Milano,Forlanini,Quartiere Forlanini,Milano,IT
110351469,https://www.immobiliare.it/annunci/110351469/,sale,agenzia,https://www.immobiliare.it/agenzie-immobiliari/425695/masterliving-immobiliare/,Masterliving Immobiliare,0,0,0,€ 332.000,332000,1,1,2,"2°, con ascensore",,,2,0,67,67 m²,Appartamento,"BILOCALE CON TERRAZZO, VIA CAVRIANA 15, MILANO",Residenziale,,,,45.464,9.2408,Lombardia,Milano,Forlanini,Quartiere Forlanini,Milano,IT
120208062,https://www.immobiliare.it/annunci/120208062/,sale,agenzia,https://www.immobiliare.it/agenzie-immobiliari/398300/iconacasa-milano-mecenate/,Iconacasa Milano Mecenate,0,0,0,€ 179.000,179000,1,1,1,"1°, con ascensore",,,1,0,40,40 m²,Appartamento,MONOLOCALE OTTIMO INVESTIMENTO,Residenziale,,,,45.4552,9.2486,Lombardia,Milano,Forlanini,Viale Ungheria - Mecenate,Milano,IT
110352833,https://www.immobiliare.it/annunci/110352833/,sale,agenzia,https://www.immobiliare.it/agenzie-immobiliari/425695/masterliving-immobiliare/,Masterliving Immobiliare,0,0,0,€ 384.000,384000,1,1,7,"7°, con ascensore",,,2,0,68,68 m²,Appartamento,"BILOCALE CON TERRAZZO, VIA CAVRIANA 15, MILANO",Residenziale,,,,45.464,9.2408,Lombardia,Milano,Forlanini,Quartiere Forlanini,Milano,IT
120418192,https://www.immobiliare.it/annunci/120418192/,sale,agenzia,https://www.immobiliare.it/agenzie-immobiliari/152558/dg-consulenze-milano/,DG Consulenze Immobiliari,0,0,0,€ 270.000,270000,1,2,1,1°,,,3,0,100,100 m²,Appartamento,Interessante trilocale,Residenziale,,,,45.4578,9.2416,Lombardia,Milano,Forlanini,Quartiere Forlanini,Milano,IT
120437772,https://www.immobiliare.it/annunci/120437772/,auction,agenzia,https://www.immobiliare.it/agenzie-immobiliari/394750/simplex-domus-firenze/,Simplex Domus S.R.L.,0,0,0,"€ 46.098,36",46098.36,,1,1,"1°, con ascensore",,,2,0,25,25 m²,Appartamento,,Residenziale,,,,45.4597435,9.23903179,Lombardia,Milano,Forlanini,Quartiere Forlanini,Milano,IT
116305467,https://www.immobiliare.it/annunci/116305467/,sale,agenzia,https://www.immobiliare.it/agenzie-immobiliari/58441/milano-corvetto-via-carlo-marochetti-milano/,Lm3Casa Studio Corvetto Di Marzio Lamperti,0,0,0,€ 178.000,178000,1,2,6,"6°, con ascensore",,,2,0,66,66 m²,Appartamento,V.ze Mecenate-V.le Ungheria- Bilocale ultimo piano,Residenziale,,,,45.4458,9.2418,Lombardia,Milano,Forlanini,Viale Ungheria - Mecenate,Milano,IT
119199005,https://www.immobiliare.it/annunci/119199005/,sale,agenzia,https://www.immobiliare.it/pro/248147/oneshot-solutions-milano/,Oneshot Real Estate Solutions,0,0,0,€ 310.000,310000,1,1,3,"3°, con ascensore",,,1,0,53,53 m²,Appartamento,OVIDIO MILANO EMPOWERING YOUR LIVING - SUITE.,Residenziale,,,,45.458,9.2403,Lombardia,Milano,Forlanini,Viale Ungheria - Mecenate,Milano,IT
120206910,https://www.immobiliare.it/annunci/120206910/,sale,agenzia,https://www.immobiliare.it/agenzie-immobiliari/398300/iconacasa-milano-mecenate/,Iconacasa Milano Mecenate,0,0,0,€ 248.000,248000,1,1,1,"1°, con ascensore",,,2,0,60,60 m²,Appartamento,BILOCALE RISTRUTTURATO CON POSTO AUTO E CANTINA,Residenziale,,,,45.4552,9.2486,Lombardia,Milano,Forlanini,Viale Ungheria - Mecenate,Milano,IT
117550153,https://www.immobiliare.it/annunci/117550153/,sale,agenzia,https://www.immobiliare.it/agenzie-immobiliari/414467/simona-fornasa-milano/,Simona Fornasa,0,0,0,€ 445.000,445000,2,2,4 - 5,"2 piani: da 4° a 5°, con ascensore",,,3,0,119,119 m²,Appartamento,AMPIO e LUMINOSISSIMO APPARTAMENTO PIANO ALTO VIA MECENATE,Residenziale,,,,45.4563,9.243,Lombardia,Milano,Forlanini,Viale Ungheria - Mecenate,Milano,IT
114824589,https://www.immobiliare.it/annunci/114824589/,sale,agenzia,https://www.immobiliare.it/agenzie-immobiliari/235010/dgp-milano-via-ronchi/,Dgp 2 Immobiliare,0,0,0,€ 299.000,299000,2,2,1,1°,,,3,0,74,74 m²,Appartamento,3 LOCALI RISTRUTTURATO PARZIALMENTE ARREDATO A NUOVO,Residenziale,,,,45.4561,9.244,Lombardia,Milano,Forlanini,Quartiere Forlanini,Milano,IT
120236702,https://www.immobiliare.it/annunci/120236702/,sale,agenzia,https://www.immobiliare.it/agenzie-immobiliari/16129/ilop-immobiliare-coni-zugna/,iLOP Immobiliare Coni Zugna,0,0,0,€ 295.000,295000,1,1,4,"4°, con ascensore",,,2,0,65,65 m²,Appartamento,BILOCALE RISTRUTTURATO CON TERRAZZINO,Residenziale,,,,45.4568,9.2396,Lombardia,Milano,Forlanini,Viale Ungheria - Mecenate,Milano,IT
118902707,https://www.immobiliare.it/annunci/118902707/,sale,agenzia,https://www.immobiliare.it/agenzie-immobiliari/178061/ramponi-milano/,Immobiliare Ramponi,0,0,0,€ 310.000,310000,1,2,6,"6°, con ascensore",,,3,0,90,90 m²,Attico - Mansarda,Ultimo piano Trilocale Via Norico,Residenziale,,,,45.453,9.2389,Lombardia,Milano,Forlanini,Viale Ungheria - Mecenate,Milano,IT
118354977,https://www.immobiliare.it/annunci/118354977/,sale,agenzia,https://www.immobiliare.it/agenzie-immobiliari/63141/elleffe-milano/,Elleffe & Associati s.a.s.,0,0,0,€ 275.000,275000,1,1,1,"1°, con ascensore",,,1,0,60,60 m²,Appartamento,Loft accatastato abitazione,Residenziale,,,,45.4517,9.2489,Lombardia,Milano,Forlanini,Viale Ungheria - Mecenate,Milano,IT
119385009,https://www.immobiliare.it/annunci/119385009/,sale,agenzia,https://www.immobiliare.it/agenzie-immobiliari/9681/fonte-citta-studi-2-milano/,Fonte Immobiliare Città Studi 2,0,0,0,€ 299.000,299000,2,2,4,"4°, con ascensore",,,3,0,115,115 m²,Appartamento,Piano alto con doppi servizi in classe C,Residenziale,,,,45.4501,9.2523,Lombardia,Milano,Forlanini,Viale Ungheria - Mecenate,Milano,IT
119823914,https://www.immobiliare.it/annunci/119823914/,sale,agenzia,https://www.immobiliare.it/agenzie-immobiliari/6221/sarpi-milano-via-cenisio/,Sarpi - Agenzia 18,0,0,0,€ 290.000,290000,1,2,2,2°,,,3,0,95,95 m²,Appartamento,"Vendesi 3 locali via Mecenate, Milano.",Residenziale,,,,45.4558,9.2445,Lombardia,Milano,Forlanini,Quartiere Forlanini,Milano,IT
115870677,https://www.immobiliare.it/annunci/115870677/,sale,agenzia,https://www.immobiliare.it/agenzie-immobiliari/7679/astantis-prestige-milano/,Astantis Prestige,0,0,0,€ 350.000,350000,1,1,5,"5°, con ascensore",,,2,0,82,82 m²,Appartamento,VIA MECENATE  LOFT  CON TERRAZZO E BALCONE,Residenziale,,,,45.4517,9.2489,Lombardia,Milano,Forlanini,Viale Ungheria - Mecenate,Milano,IT
115301739,https://www.immobiliare.it/annunci/115301739/,sale,agenzia,https://www.immobiliare.it/agenzie-immobiliari/221136/liuzzi-milano/,Immobiliare Liuzzi,0,0,0,€ 269.000,269000,1,2,2,"2°, con ascensore",,,3,0,91,91 m²,Appartamento,VIALE UNGHERIA 2 - AMPIO TRILOCALE IN OTTIME CONDIZIONI,Residenziale,,,,45.4455,9.2419,Lombardia,Milano,Forlanini,Viale Ungheria - Mecenate,Milano,IT
115434821,https://www.immobiliare.it/annunci/115434821/,sale,agenzia,https://www.immobiliare.it/agenzie-immobiliari/5350/imi-milano/,IMI immobiliare Milano - Partner Navigli,0,0,0,€ 420.000,420000,1,2,2,"2°, con ascensore",,,3,0,100,100 m²,Loft,Open space mq 100 c.a - Ad.Q.re Forlanini/Via Mecenate,Residenziale,,,,45.4517,9.2489,Lombardia,Milano,Forlanini,Viale Ungheria - Mecenate,Milano,IT
111767841,https://www.immobiliare.it/annunci/111767841/,sale,agenzia,https://www.immobiliare.it/agenzie-immobiliari/6563/world-capital-milano/,WCG - World Capital Group,0,0,0,prezzo su richiesta,,3+,,1 - 6,"6 piani: da 1° a 6°, con ascensore",,,5+,0,15.000,15.000 m²,Palazzo - Edificio,Edificio ad uso uffici in vendita Milano Forlanini,Palazzi - Edifici,,,,45.4620018,9.25529957,Lombardia,Milano,Forlanini,Quartiere Forlanini,Milano,IT
118974003,https://www.immobiliare.it/annunci/118974003/,sale,agenzia,https://www.immobiliare.it/agenzie-immobiliari/221136/liuzzi-milano/,Immobiliare Liuzzi,0,0,0,€ 330.000,330000,1,2,3,"3°, con ascensore",,,3,0,94,94 m²,Appartamento,Q.re Forlanini - Ampio tre locali con tripla esposizione,Residenziale,,,,45.4576,9.2489,Lombardia,Milano,Forlanini,Quartiere Forlanini,Milano,IT
120622164,https://www.immobiliare.it/annunci/120622164/,auction,agenzia,https://www.immobiliare.it/agenzie-immobiliari/411438/safehouse-milano/,Safehouse Srl,0,1,0,"€ 128.800,00",128800,,1,3,"3°, con ascensore",,,2,0,58,58 m²,Appartamento,"IMMOBILE IN ASTA IN Viale Ungheria 9, Milano",Residenziale,,,,45.44599915,9.24717999,Lombardia,Milano,Forlanini,Viale Ungheria - Mecenate,Milano,IT
120737646,https://www.immobiliare.it/annunci/120737646/,sale,agenzia,https://www.immobiliare.it/agenzie-immobiliari/140950/abitare-agency/,Abitare Agency Srl,0,1,0,€ 229.800,229800,1,,2,"2°, con ascensore",,,1,0,44,44 m²,Appartamento,MONOLOCALE CON BALCONE,Residenziale,,,,45.4538,9.2442,Lombardia,Milano,Forlanini,Viale Ungheria - Mecenate,Milano,IT
117449663,https://www.immobiliare.it/annunci/117449663/,sale,agenzia,https://www.immobiliare.it/agenzie-immobiliari/70758/toro-milano/,Toro Immobiliare srl,0,0,0,€ 560.000,560000,1,2,2,"2°, con ascensore",,,3,0,95,95 m²,Appartamento,TRE LOCALI CON TERRAZZO,Residenziale,,,,45.4605,9.2385,Lombardia,Milano,Forlanini,Quartiere Forlanini,Milano,IT
117766451,https://www.immobiliare.it/annunci/117766451/,sale,agenzia,https://www.immobiliare.it/agenzie-immobiliari/379767/ca-real-estate/,CA Real estate di CarloAlberto Giraldi,0,0,0,€ 3.700.000,3700000,3,,4,"4°, con ascensore",,,1,0,2.013,2.013 m²,Palazzo - Edificio,Vendesi Milano Forlanini STABILE Mq 2013,Palazzi - Edifici,,,,45.4597702,9.23714924,Lombardia,Milano,Forlanini,Viale Ungheria - Mecenate,Milano,IT
120550188,https://www.immobiliare.it/annunci/120550188/,auction,agenzia,https://www.immobiliare.it/agenzie-immobiliari/394750/simplex-domus-firenze/,Simplex Domus S.R.L.,0,1,0,"€ 128.800,00",128800,,2,1,"1°, con ascensore",,,3,0,72,72 m²,Appartamento,,Residenziale,,,,45.44597626,9.24873543,Lombardia,Milano,Forlanini,Viale Ungheria - Mecenate,Milano,IT
110143567,https://www.immobiliare.it/annunci/110143567/,sale,agenzia,https://www.immobiliare.it/agenzie-immobiliari/221136/liuzzi-milano/,Immobiliare Liuzzi,0,0,0,€ 340.000,340000,2,3,2,"2°, con ascensore",,,4,0,115,115 m²,Appartamento,VIA ZANTE-QUATTRO LOCALI CON  TRIPLA ESPOSIZIONI PIANO ALTO,Residenziale,,,,45.4584,9.2474,Lombardia,Milano,Forlanini,Quartiere Forlanini,Milano,IT
117983539,https://www.immobiliare.it/annunci/117983539/,sale,agenzia,https://www.immobiliare.it/agenzie-immobiliari/398300/iconacasa-milano-mecenate/,Iconacasa Milano Mecenate,0,0,0,€ 175.000,175000,1,1,R,"Piano rialzato, con ascensore",,,2,0,60,60 m²,Appartamento,BILOCALE OTTIMO PER INVESTIMENTO,Residenziale,,,,45.4458,9.2418,Lombardia,Milano,Forlanini,Viale Ungheria - Mecenate,Milano,IT
114643139,https://www.immobiliare.it/annunci/114643139/,auction,agenzia,https://www.immobiliare.it/pro/118081/consulovest-corbetta/,CONSULOVEST  CORBETTA Via Meroni 2 - MILANO Viale San Gimignano 8 su IMMOBILIARE.IT da 15 anni,0,0,0,"€ 133.191,00",133191,,2,5,"5°, con ascensore",,,3,0,74,74 m²,Appartamento,Proponiamo in vendita OTTIMO TRILOCALE ALL'ASTA!,Residenziale,,,,45.44643021,9.25249958,Lombardia,Milano,Forlanini,Viale Ungheria - Mecenate,Milano,IT
120653220,https://www.immobiliare.it/annunci/120653220/,sale,agenzia,https://www.immobiliare.it/agenzie-immobiliari/70678/studio-mecenate-srl/,Studio Mecenate srl,0,0,0,€ 435.000,435000,2,3,2,"2°, con ascensore",,,4,0,119,119 m²,Appartamento,Via Mecenate ampio 4 locali,Residenziale,,,,45.449,9.2538,Lombardia,Milano,Forlanini,Viale Ungheria - Mecenate,Milano,IT
110817359,https://www.immobiliare.it/annunci/110817359/,auction,agenzia,https://www.immobiliare.it/pro/118081/consulovest-corbetta/,CONSULOVEST  CORBETTA Via Meroni 2 - MILANO Viale San Gimignano 8 su IMMOBILIARE.IT da 15 anni,0,0,0,"€ 105.600,00",105600,,1,3,3°,,,2,0,55,55 m²,Appartamento,Proponiamo in vendita OTTIMO BILOCALE ALL'ASTA!,Residenziale,,,,45.46218109,9.24123955,Lombardia,Milano,Forlanini,Quartiere Forlanini,Milano,IT
119538983,https://www.immobiliare.it/annunci/119538983/,auction,agenzia,https://www.immobiliare.it/agenzie-immobiliari/396690/ranzi-aste-bresso/,Ranzi Aste Immobiliari,0,0,0,"€ 128.800,00",128800,,1,3,3°,,,2,0,58,58 m²,Appartamento,BILOCALE IN VENDITA,Residenziale,,,,45.44599915,9.24717999,Lombardia,Milano,Forlanini,Viale Ungheria - Mecenate,Milano,IT
119729234,https://www.immobiliare.it/annunci/119729234/,sale,agenzia,https://www.immobiliare.it/agenzie-immobiliari/199153/denaro-milano/,Denaro Immobiliare,0,0,0,€ 540.000,540000,1,2,T,"Piano terra, con ascensore",,,3,0,110,110 m²,Appartamento,TRILOCALE CON GIARDINO,Residenziale,,,,45.4533,9.2397,Lombardia,Milano,Forlanini,Viale Ungheria - Mecenate,Milano,IT
116336937,https://www.immobiliare.it/annunci/116336937/,sale,agenzia,https://www.immobiliare.it/agenzie-immobiliari/228772/l-immobiliare-milano-via-sciesa/,"L'Immobiliare   Corso XXII Marzo, 41",0,0,0,€ 205.000,205000,1,2,4,"4°, con ascensore",,,3,0,62,62 m²,Appartamento,"Via Sordello, grazioso trilocale in ottime condizioni",Residenziale,,,,45.4429,9.2451,Lombardia,Milano,Forlanini,Viale Ungheria - Mecenate,Milano,IT
80306847,https://www.immobiliare.it/annunci/80306847/,auction,agenzia,https://www.immobiliare.it/pro/118081/consulovest-corbetta/,CONSULOVEST  CORBETTA Via Meroni 2 - MILANO Viale San Gimignano 8 su IMMOBILIARE.IT da 15 anni,0,0,0,"€ 93.148,00",93148,,1,3,"3°, con ascensore",,,2,0,73,73 m²,Appartamento,PROPONIAMO IN VENDITA OTTIMO BILOCALE ALL’ASTA!!,Residenziale,,,,45.44544983,9.24192047,Lombardia,Milano,Forlanini,Viale Ungheria - Mecenate,Milano,IT
115549351,https://www.immobiliare.it/annunci/115549351/,auction,agenzia,https://www.immobiliare.it/pro/118081/consulovest-corbetta/,CONSULOVEST  CORBETTA Via Meroni 2 - MILANO Viale San Gimignano 8 su IMMOBILIARE.IT da 15 anni,0,0,0,"€ 131.391,00",131391,,1,2,"2°, con ascensore",,,2,0,73,73 m²,Appartamento,Proponiamo in vendita OTTIMO BILOCALE ALL'ASTA!,Residenziale,,,,45.44552994,9.24293041,Lombardia,Milano,Forlanini,Viale Ungheria - Mecenate,Milano,IT
120436330,https://www.immobiliare.it/annunci/120436330/,auction,agenzia,https://www.immobiliare.it/pro/118081/consulovest-corbetta/,CONSULOVEST  CORBETTA Via Meroni 2 - MILANO Viale San Gimignano 8 su IMMOBILIARE.IT da 15 anni,0,0,0,"€ 128.800,00",128800,,1,,"2 piani: Seminterrato, 3°",,,2,0,60,60 m²,Appartamento,Proponiamo in vendita OTTIMO BILOCALE ALL'ASTA!,Residenziale,,,,45.44599915,9.24717999,Lombardia,Milano,Forlanini,Viale Ungheria - Mecenate,Milano,IT
111505981,https://www.immobiliare.it/annunci/111505981/,sale,agenzia,https://www.immobiliare.it/agenzie-immobiliari/12310/metropolis/,Metropolis Mediazioni Immobiliari,0,0,0,€ 515.000,515000,2,2,3,"3°, con ascensore",,,3,0,150,150 m²,Appartamento,Stabile signorile ampio trilocale,Residenziale,,,,45.452,9.2491,Lombardia,Milano,Forlanini,Viale Ungheria - Mecenate,Milano,IT
119977162,https://www.immobiliare.it/annunci/119977162/,sale,agenzia,https://www.immobiliare.it/agenzie-immobiliari/242120/levia-milano/,Levia SRL,0,0,0,€ 175.000,175000,1,2,3,"3°, con ascensore",,,2,0,60,60 m²,Appartamento,Bilocale vIa Bonfadini,Residenziale,,,,45.4444,9.2428,Lombardia,Milano,Forlanini,Viale Ungheria - Mecenate,Milano,IT
108424533,https://www.immobiliare.it/annunci/108424533/,sale,agenzia,https://www.immobiliare.it/agenzie-immobiliari/32137/la-corte-gessate/,La Corte Immobiliare,0,0,0,€ 390.000,390000,2,3,,"2 piani: Interrato (-1), 1°, con ascensore",,,4,0,115,115 m²,Appartamento,MI410SFE,Residenziale,,,,45.4599,9.2495,Lombardia,Milano,Forlanini,Quartiere Forlanini,Milano,IT
120661618,https://www.immobiliare.it/annunci/120661618/,sale,agenzia,https://www.immobiliare.it/agenzie-immobiliari/89770/kers-milano/,Kers Immobiliare,0,1,0,€ 168.000,168000,1,1,2,"2° piano, con ascensore",,,1,0,45,45 m²,Appartamento,"Appartamento in vendita a Milano, Mecenate",Residenziale,,,,45.4455,9.24645,Lombardia,Milano,Forlanini,Viale Ungheria - Mecenate,Milano,IT
119835096,https://www.immobiliare.it/annunci/119835096/,sale,agenzia,https://www.immobiliare.it/agenzie-immobiliari/162589/ubh-real-estate-milano-monti/,UBH Real Estate - Monti Agency,0,0,0,€ 185.000,185000,1,1,1,1°,,,1,0,45,45 m²,Appartamento,"Appartamento in vendita a Milano, Forlanini",Residenziale,,,,45.4624,9.2421,Lombardia,Milano,Forlanini,Quartiere Forlanini,Milano,IT
119806522,https://www.immobiliare.it/annunci/119806522/,sale,agenzia,https://www.immobiliare.it/agenzie-immobiliari/111509/gioia-bianchi-milano/,Gioia Bianchi,0,0,0,€ 310.000,310000,1,2,6,"6°, con ascensore",,,3,0,90,90 m²,Appartamento,Vendesi perfetta mansarda con camino Via Norico zona Mecenat,Residenziale,,,,45.453,9.2389,Lombardia,Milano,Forlanini,Viale Ungheria - Mecenate,Milano,IT
108549193,https://www.immobiliare.it/annunci/108549193/,auction,agenzia,https://www.immobiliare.it/pro/118081/consulovest-corbetta/,CONSULOVEST  CORBETTA Via Meroni 2 - MILANO Viale San Gimignano 8 su IMMOBILIARE.IT da 15 anni,0,0,0,"€ 147.707,00",147707,,2,7,"7°, con ascensore",,,3,0,89,89 m²,Appartamento,Proponiamo in vendita OTTIMO TRILOCALE ALL'ASTA!,Residenziale,,,,45.44544983,9.24192047,Lombardia,Milano,Forlanini,Viale Ungheria - Mecenate,Milano,IT
115018989,https://www.immobiliare.it/annunci/115018989/,sale,agenzia,https://www.immobiliare.it/agenzie-immobiliari/199997/tirelli-freddi-redengo-saiano/,TIRELLI & FREDDI Immobiliare,0,0,0,€ 870.000,870000,2,1,,"3 piani: Piano rialzato, da 5° a 6°, con ascensore",,,3,0,185,185 m²,Loft,ESCLUSIVO LOFT CON TERRAZZA PANORAMICA nel CUORE CREATIVO,Residenziale,,,,45.4528,9.2504,Lombardia,Milano,Forlanini,Viale Ungheria - Mecenate,Milano,IT
80307057,https://www.immobiliare.it/annunci/80307057/,auction,agenzia,https://www.immobiliare.it/pro/118081/consulovest-corbetta/,CONSULOVEST  CORBETTA Via Meroni 2 - MILANO Viale San Gimignano 8 su IMMOBILIARE.IT da 15 anni,0,0,0,"€ 112.332,00",112332,,1,1,"1°, con ascensore",,,2,0,74,74 m²,Appartamento,PROPONIAMO IN VENDITA OTTIMO BILOCALE ALL’ASTA!!,Residenziale,,,,45.44544983,9.24192047,Lombardia,Milano,Forlanini,Viale Ungheria - Mecenate,Milano,IT
119911000,https://www.immobiliare.it/annunci/119911000/,sale,agenzia,https://www.immobiliare.it/agenzie-immobiliari/398300/iconacasa-milano-mecenate/,Iconacasa Milano Mecenate,0,0,0,€ 499.000,499000,2,2,3,"3°, con ascensore",,,3,0,130,130 m²,Appartamento,TRILOCALE CON TRIPLA ESPOSIZIONE E DUE TERRAZZI,Residenziale,,,,45.4558,9.2445,Lombardia,Milano,Forlanini,Quartiere Forlanini,Milano,IT
85181903,https://www.immobiliare.it/annunci/85181903/,auction,agenzia,https://www.immobiliare.it/pro/118081/consulovest-corbetta/,CONSULOVEST  CORBETTA Via Meroni 2 - MILANO Viale San Gimignano 8 su IMMOBILIARE.IT da 15 anni,0,0,0,"€ 98.384,00",98384,,2,3,"3°, con ascensore",,,3,0,86,86 m²,Appartamento,Proponiamo in vendita OTTIMO TRILOCALE ALL’ASTA!!,Residenziale,,,,45.44483185,9.24157047,Lombardia,Milano,Forlanini,Viale Ungheria - Mecenate,Milano,IT
115414295,https://www.immobiliare.it/annunci/115414295/,sale,agenzia,https://www.immobiliare.it/agenzie-immobiliari/94305/tecnocasa-milano-via-mecenate/,Affiliato Tecnocasa: IMMOBILIARE MARGOT SRLU,0,0,0,€ 198.000,198000,1,1,1,"1° piano, con ascensore",,,2,0,57,57 m²,Appartamento,,Residenziale,,,,45.4443,9.24278,Lombardia,Milano,Forlanini,Viale Ungheria - Mecenate,Milano,IT
111510433,https://www.immobiliare.it/annunci/111510433/,auction,agenzia,https://www.immobiliare.it/pro/118081/consulovest-corbetta/,CONSULOVEST  CORBETTA Via Meroni 2 - MILANO Viale San Gimignano 8 su IMMOBILIARE.IT da 15 anni,0,0,0,"€ 136.791,00",136791,,2,2,"2°, con ascensore",,,3,0,76,76 m²,Appartamento,Proponiamo in vendita OTTIMO TRILOCALE ALL'ASTA!,Residenziale,,,,45.44441986,9.24283028,Lombardia,Milano,Forlanini,Viale Ungheria - Mecenate,Milano,IT
109790535,https://www.immobiliare.it/annunci/109790535/,auction,agenzia,https://www.immobiliare.it/pro/118081/consulovest-corbetta/,CONSULOVEST  CORBETTA Via Meroni 2 - MILANO Viale San Gimignano 8 su IMMOBILIARE.IT da 15 anni,0,0,0,"€ 133.238,00",133238,,1,2,"2°, con ascensore",,,2,0,76,76 m²,Appartamento,Proponiamo in vendita OTTIMO BILOCALE ALL'ASTA!,Residenziale,,,,45.44598007,9.2524004,Lombardia,Milano,Forlanini,Viale Ungheria - Mecenate,Milano,IT
116809431,https://www.immobiliare.it/annunci/116809431/,sale,agenzia,https://www.immobiliare.it/agenzie-immobiliari/94305/tecnocasa-milano-via-mecenate/,Affiliato Tecnocasa: IMMOBILIARE MARGOT SRLU,0,0,0,€ 435.000,435000,2,2,,Piano terra,,,3,0,124,124 m²,Villetta a schiera,,Residenziale,,,,45.4447,9.24828,Lombardia,Milano,Forlanini,Viale Ungheria - Mecenate,Milano,IT
119835100,https://www.immobiliare.it/annunci/119835100/,sale,agenzia,https://www.immobiliare.it/agenzie-immobiliari/162589/ubh-real-estate-milano-monti/,UBH Real Estate - Monti Agency,0,0,0,€ 195.000,195000,1,,1,1°,,,1,0,45,45 m²,Appartamento,"Appartamento in vendita a Milano, Forlanini",Residenziale,,,,45.4624,9.2421,Lombardia,Milano,Forlanini,Quartiere Forlanini,Milano,IT
106634743,https://www.immobiliare.it/annunci/106634743/,auction,agenzia,https://www.immobiliare.it/pro/118081/consulovest-corbetta/,CONSULOVEST  CORBETTA Via Meroni 2 - MILANO Viale San Gimignano 8 su IMMOBILIARE.IT da 15 anni,0,0,0,"€ 144.387,00",144387,,2,R,"Piano rialzato, con ascensore",,,3,0,87,87 m²,Appartamento,Proponiamo in vendita OTTIMO TRILOCALE ALL'ASTA!,Residenziale,,,,45.44483185,9.24157047,Lombardia,Milano,Forlanini,Viale Ungheria - Mecenate,Milano,IT
114677935,https://www.immobiliare.it/annunci/114677935/,sale,agenzia,https://www.immobiliare.it/agenzie-immobiliari/94305/tecnocasa-milano-via-mecenate/,Affiliato Tecnocasa: IMMOBILIARE MARGOT SRLU,0,0,0,€ 258.000,258000,1,2,5,"5° piano, con ascensore",,,3,0,73,73 m²,Appartamento,,Residenziale,,,,45.4436,9.24389,Lombardia,Milano,Forlanini,Viale Ungheria - Mecenate,Milano,IT
111510193,https://www.immobiliare.it/annunci/111510193/,auction,agenzia,https://www.immobiliare.it/pro/118081/consulovest-corbetta/,CONSULOVEST  CORBETTA Via Meroni 2 - MILANO Viale San Gimignano 8 su IMMOBILIARE.IT da 15 anni,0,0,0,"€ 129.731,00",129731,,2,3,"3°, con ascensore",,,3,0,74,74 m²,Appartamento,Proponiamo in vendita OTTIMO TRILOCALE ALL'ASTA!,Residenziale,,,,45.44598007,9.2524004,Lombardia,Milano,Forlanini,Viale Ungheria - Mecenate,Milano,IT
119835094,https://www.immobiliare.it/annunci/119835094/,sale,agenzia,https://www.immobiliare.it/agenzie-immobiliari/162589/ubh-real-estate-milano-monti/,UBH Real Estate - Monti Agency,0,0,0,€ 205.000,205000,1,,1,1°,,,1,0,45,45 m²,Appartamento,"Appartamento in vendita a Milano, Forlanini",Residenziale,,,,45.4624,9.2421,Lombardia,Milano,Forlanini,Quartiere Forlanini,Milano,IT
96392940,https://www.immobiliare.it/annunci/96392940/,auction,agenzia,https://www.immobiliare.it/pro/118081/consulovest-corbetta/,CONSULOVEST  CORBETTA Via Meroni 2 - MILANO Viale San Gimignano 8 su IMMOBILIARE.IT da 15 anni,0,0,0,"€ 112.288,00",112288,,2,4,"4°, con ascensore",,,3,0,88,88 m²,Appartamento,PROPONIAMO in vendita OTTIMO TRILOCALE ALL'ASTA!!,Residenziale,,,,45.44483185,9.24157047,Lombardia,Milano,Forlanini,Viale Ungheria - Mecenate,Milano,IT
117346749,https://www.immobiliare.it/annunci/117346749/,sale,agenzia,https://www.immobiliare.it/agenzie-immobiliari/94305/tecnocasa-milano-via-mecenate/,Affiliato Tecnocasa: IMMOBILIARE MARGOT SRLU,0,0,0,€ 280.000,280000,1,2,R,"Piano rialzato, con ascensore",,,3,0,92,92 m²,Appartamento,,Residenziale,,,,45.4588,9.24181,Lombardia,Milano,Forlanini,Quartiere Forlanini,Milano,IT
88803611,https://www.immobiliare.it/annunci/88803611/,auction,agenzia,https://www.immobiliare.it/pro/118081/consulovest-corbetta/,CONSULOVEST  CORBETTA Via Meroni 2 - MILANO Viale San Gimignano 8 su IMMOBILIARE.IT da 15 anni,0,0,0,"€ 96.360,00",96360,,2,6,"6°, con ascensore",,,3,0,73,73 m²,Appartamento,Proponiamo in vendita OTTIMO TRILOCALE ALL’ASTA!,Residenziale,,,,45.44441986,9.24283028,Lombardia,Milano,Forlanini,Viale Ungheria - Mecenate,Milano,IT
118670841,https://www.immobiliare.it/annunci/118670841/,sale,agenzia,https://www.immobiliare.it/agenzie-immobiliari/94305/tecnocasa-milano-via-mecenate/,Affiliato Tecnocasa: IMMOBILIARE MARGOT SRLU,0,0,0,€ 305.000,305000,2,3,1,1° piano,,,4,0,105,105 m²,Appartamento,,Residenziale,,,,45.4598,9.24524,Lombardia,Milano,Forlanini,Quartiere Forlanini,Milano,IT
92667534,https://www.immobiliare.it/annunci/92667534/,auction,agenzia,https://www.immobiliare.it/pro/118081/consulovest-corbetta/,CONSULOVEST  CORBETTA Via Meroni 2 - MILANO Viale San Gimignano 8 su IMMOBILIARE.IT da 15 anni,0,0,0,"€ 99.784,00",99784,,2,2,"2°, con ascensore",,,3,0,71,71 m²,Appartamento,Proponiamo OTTIMO TRILOCALE ALL'ASTA!,Residenziale,,,,45.44298172,9.24508953,Lombardia,Milano,Forlanini,Viale Ungheria - Mecenate,Milano,IT
91517936,https://www.immobiliare.it/annunci/91517936/,auction,agenzia,https://www.immobiliare.it/pro/118081/consulovest-corbetta/,CONSULOVEST  CORBETTA Via Meroni 2 - MILANO Viale San Gimignano 8 su IMMOBILIARE.IT da 15 anni,0,0,0,"€ 88.526,00",88526,,1,6,"6°, con ascensore",,,2,0,57,57 m²,Appartamento,Proponiamo in vendita OTTIMO BILOCALE ALL’ASTA!,Residenziale,,,,45.44298172,9.24508953,Lombardia,Milano,Forlanini,Viale Ungheria - Mecenate,Milano,IT
117392879,https://www.immobiliare.it/annunci/117392879/,sale,agenzia,https://www.immobiliare.it/agenzie-immobiliari/5272/arena-immobiliare-milano/,Arena Immobiliare S.R.L.,0,0,0,€ 243.000,243000,1,2,6,"6° piano, con ascensore",,,3,0,74,74 m²,Appartamento,"TRE LOCALI RISTRUTTURATO - VIA ROMUALDO BONFADINI, 98",Residenziale,,,,45.4447,9.2457,Lombardia,Milano,Forlanini,Viale Ungheria - Mecenate,Milano,IT
118819271,https://www.immobiliare.it/annunci/118819271/,sale,agenzia,https://www.immobiliare.it/agenzie-immobiliari/39249/verde-casa-milano/,Verde Casa,0,0,0,€ 245.000,245000,1,1,R,Piano rialzato,,,2,0,63,63 m²,Appartamento,Bilocale 63 mq con giardino in Vendita a Milano zona Forlanini,Residenziale,,,,45.4523,9.23816,Lombardia,Milano,Forlanini,Viale Ungheria - Mecenate,Milano,IT
118147715,https://www.immobiliare.it/annunci/118147715/,sale,agenzia,https://www.immobiliare.it/agenzie-immobiliari/94305/tecnocasa-milano-via-mecenate/,Affiliato Tecnocasa: IMMOBILIARE MARGOT SRLU,0,0,0,€ 235.000,235000,1,1,5,"5° piano, con ascensore",,,2,0,63,63 m²,Appartamento,,Residenziale,,,,45.4553,9.24443,Lombardia,Milano,Forlanini,Viale Ungheria - Mecenate,Milano,IT
117111811,https://www.immobiliare.it/annunci/117111811/,sale,agenzia,https://www.immobiliare.it/agenzie-immobiliari/242912/remax-class-4-milano-via-cenisio/,RE/MAX Class 4,0,0,0,€ 190.000,190000,1,1,2,"2° piano, con ascensore",,,1,0,49,49 m²,Appartamento,"Appartamento in vendita a Milano, Forlanini",Residenziale,,,,45.452,9.24897,Lombardia,Milano,Forlanini,Viale Ungheria - Mecenate,Milano,IT
119219975,https://www.immobiliare.it/annunci/119219975/,sale,agenzia,https://www.immobiliare.it/agenzie-immobiliari/94305/tecnocasa-milano-via-mecenate/,Affiliato Tecnocasa: IMMOBILIARE MARGOT SRLU,0,0,0,€ 255.000,255000,1,1,3,"3° piano, con ascensore",,,2,0,53,53 m²,Appartamento,,Residenziale,,,,45.4544,9.24501,Lombardia,Milano,Forlanini,Viale Ungheria - Mecenate,Milano,IT
118900285,https://www.immobiliare.it/annunci/118900285/,sale,agenzia,https://www.immobiliare.it/agenzie-immobiliari/20118/toscano-spa/,Toscano SpA - Agenzia di Milano Porta Romana,0,0,0,€ 550.000,550000,1,2,1,1°,,,3,0,300,300 m²,Appartamento,,Residenziale,,,,45.4527,9.248,Lombardia,Milano,Forlanini,Viale Ungheria - Mecenate,Milano,IT
119220757,https://www.immobiliare.it/annunci/119220757/,sale,agenzia,https://www.immobiliare.it/agenzie-immobiliari/94305/tecnocasa-milano-via-mecenate/,Affiliato Tecnocasa: IMMOBILIARE MARGOT SRLU,0,0,0,€ 275.000,275000,1,1,3,"3° piano, con ascensore",,,2,0,58,58 m²,Appartamento,,Residenziale,,,,45.4544,9.24501,Lombardia,Milano,Forlanini,Viale Ungheria - Mecenate,Milano,IT
96394854,https://www.immobiliare.it/annunci/96394854/,auction,agenzia,https://www.immobiliare.it/pro/118081/consulovest-corbetta/,CONSULOVEST  CORBETTA Via Meroni 2 - MILANO Viale San Gimignano 8 su IMMOBILIARE.IT da 15 anni,0,0,0,"€ 112.288,00",112288,,2,2,"2°, con ascensore",,,3,0,88,88 m²,Appartamento,PROPONIAMO in vendita OTTIMO TRILOCALE ALL'ASTA!!,Residenziale,,,,45.44483185,9.24157047,Lombardia,Milano,Forlanini,Viale Ungheria - Mecenate,Milano,IT
118646843,https://www.immobiliare.it/annunci/118646843/,sale,agenzia,https://www.immobiliare.it/agenzie-immobiliari/213274/stt-cassina/,Stt Immobiliare srls,0,0,0,€ 180.000,180000,1,1,1,"1°, con ascensore",,,2,0,60,60 m²,Appartamento,DUE LOCALI,Residenziale,,,,45.4429,9.2451,Lombardia,Milano,Forlanini,Viale Ungheria - Mecenate,Milano,IT
114226767,https://www.immobiliare.it/annunci/114226767/,sale,agenzia,https://www.immobiliare.it/agenzie-immobiliari/43309/edil-trade-milano/,Edil Trade,0,0,1,prezzo su richiesta,,3,3,T,Piano terra,,,5+,0,319,319 m²,Loft,Meraviglioso Loft ristrutturato con giardino e box,Residenziale,,,,45.4525,9.2457,Lombardia,Milano,Forlanini,Viale Ungheria - Mecenate,Milano,IT
119835098,https://www.immobiliare.it/annunci/119835098/,sale,agenzia,https://www.immobiliare.it/agenzie-immobiliari/162589/ubh-real-estate-milano-monti/,UBH Real Estate - Monti Agency,0,0,0,€ 190.000,190000,1,,1,1°,,,1,0,45,45 m²,Appartamento,"Appartamento in vendita a Milano, Forlanini",Residenziale,,,,45.4624,9.2421,Lombardia,Milano,Forlanini,Quartiere Forlanini,Milano,IT
119848420,https://www.immobiliare.it/annunci/119848420/,sale,agenzia,https://www.immobiliare.it/agenzie-immobiliari/221136/liuzzi-milano/,Immobiliare Liuzzi,0,0,0,€ 320.000,320000,2,3,2,2°,,,4,0,107,107 m²,Appartamento,"Q.RE FORLANINI, VIA MAZZUCOTELLI - 4 LOCALI BUONE CONDIZIONI",Residenziale,,,,45.459,9.2458,Lombardia,Milano,Forlanini,Quartiere Forlanini,Milano,IT
92336260,https://www.immobiliare.it/annunci/92336260/,sale,agenzia,https://www.immobiliare.it/agenzie-immobiliari/8211/bombelli-case-milano/,Bombelli Case,0,0,0,€ 475.000,475000,3,3,R,Piano rialzato,,,4,0,182,182 m²,Appartamento,VIA MECENATE (POLO GUCCI/STUDI RAI) QUADRILOCALE,Residenziale,,,,45.4501,9.2523,Lombardia,Milano,Forlanini,Viale Ungheria - Mecenate,Milano,IT
96392860,https://www.immobiliare.it/annunci/96392860/,auction,agenzia,https://www.immobiliare.it/pro/118081/consulovest-corbetta/,CONSULOVEST  CORBETTA Via Meroni 2 - MILANO Viale San Gimignano 8 su IMMOBILIARE.IT da 15 anni,0,0,0,"€ 94.424,00",94424,,2,5,"5°, con ascensore",,,3,0,74,74 m²,Appartamento,PROPONIAMO in vendita OTTIMO TRILOCALE ALL'ASTA!!,Residenziale,,,,45.44643021,9.25249958,Lombardia,Milano,Forlanini,Viale Ungheria - Mecenate,Milano,IT
98314188,https://www.immobiliare.it/annunci/98314188/,auction,agenzia,https://www.immobiliare.it/pro/118081/consulovest-corbetta/,CONSULOVEST  CORBETTA Via Meroni 2 - MILANO Viale San Gimignano 8 su IMMOBILIARE.IT da 15 anni,0,0,0,"€ 80.520,00",80520,,1,3,"3°, con ascensore",,,2,0,61,61 m²,Appartamento,PROPONIAMO IN VENDITA OTTIMO BILOCALE ALL'ASTA!,Residenziale,,,,45.44441986,9.24283028,Lombardia,Milano,Forlanini,Viale Ungheria - Mecenate,Milano,IT
88804067,https://www.immobiliare.it/annunci/88804067/,auction,agenzia,https://www.immobiliare.it/pro/118081/consulovest-corbetta/,CONSULOVEST  CORBETTA Via Meroni 2 - MILANO Viale San Gimignano 8 su IMMOBILIARE.IT da 15 anni,0,0,0,"€ 89.300,00",89300,,1,1,"1°, con ascensore",,,2,0,60,60 m²,Appartamento,Proponiamo in vendita OTTIMO BILOCALE ALL’ASTA!,Residenziale,,,,45.44454956,9.24487972,Lombardia,Milano,Forlanini,Viale Ungheria - Mecenate,Milano,IT
119877716,https://www.immobiliare.it/annunci/119877716/,sale,agenzia,https://www.immobiliare.it/agenzie-immobiliari/5272/arena-immobiliare-milano/,Arena Immobiliare S.R.L.,0,0,0,€ 350.000,350000,1,3,R,Piano rialzato,,,4,0,105,105 m²,Appartamento,VIA BARIGOZZI - 4 LOCALI - ADIACENTE M4 REPETTI - FORLANINI,Residenziale,,,,45.4598,9.24382,Lombardia,Milano,Forlanini,Quartiere Forlanini,Milano,IT
117228827,https://www.immobiliare.it/annunci/117228827/,sale,agenzia,https://www.immobiliare.it/agenzie-immobiliari/242120/levia-milano/,Levia SRL,0,0,0,€ 220.000,220000,1,2,R,"Piano rialzato, con ascensore",,,3,0,90,90 m²,Appartamento,Trilocale Via Salomone 91,Residenziale,,,,45.4455,9.2419,Lombardia,Milano,Forlanini,Viale Ungheria - Mecenate,Milano,IT
118909795,https://www.immobiliare.it/annunci/118909795/,sale,agenzia,https://www.immobiliare.it/agenzie-immobiliari/242120/levia-milano/,Levia SRL,0,0,0,€ 265.000,265000,1,2,4,"4°, con ascensore",,,3,0,91,91 m²,Appartamento,,Residenziale,,,,45.4455,9.2419,Lombardia,Milano,Forlanini,Viale Ungheria - Mecenate,Milano,IT
113703655,https://www.immobiliare.it/annunci/113703655/,sale,agenzia,https://www.immobiliare.it/agenzie-immobiliari/116094/reco-agency-milano/,Reco Agency S.r.l.,0,0,0,€ 1.150.000,1150000,3+,,,,,,5+,0,1.150,1.150 m²,Palazzo - Edificio,area edificabile residenziale Milano,Palazzi - Edifici,,,,45.45798874,9.24032974,Lombardia,Milano,Forlanini,Viale Ungheria - Mecenate,Milano,IT
120181346,https://www.immobiliare.it/annunci/120181346/,sale,agenzia,https://www.immobiliare.it/agenzie-immobiliari/242120/levia-milano/,Levia SRL,0,0,0,€ 239.000,239000,1,2,5,"5°, con ascensore",,,3,0,76,76 m²,Appartamento,Trilocale piano alto - Viale Ungheria 48,Residenziale,,,,45.446,9.2536,Lombardia,Milano,Forlanini,Viale Ungheria - Mecenate,Milano,IT
120584970,https://www.immobiliare.it/annunci/120584970/,sale,agenzia,https://www.immobiliare.it/agenzie-immobiliari/219988/invernizzi-milano/,Invernizzi Immobiliare RE,0,1,0,€ 225.000,225000,1,1,2,2°,,,2,0,50,50 m²,Appartamento,Bilocale in vendita zona Forlanini,Residenziale,,,,45.4604,9.2435,Lombardia,Milano,Forlanini,Quartiere Forlanini,Milano,IT
120509272,https://www.immobiliare.it/annunci/120509272/,sale,agenzia,https://www.immobiliare.it/agenzie-immobiliari/393932/vivo-real-estate-milano/,Vivo Real Estate S.r.l.,0,1,0,€ 1.350.000,1350000,3+,20,,Piano terra,,,5+,0,800,800 m²,Casa indipendente,"Zona Mecenate, cielo terra da riqualificare per nuove unità",Residenziale,,,,45.4543,9.2435,Lombardia,Milano,Forlanini,Viale Ungheria - Mecenate,Milano,IT
120360434,https://www.immobiliare.it/annunci/120360434/,auction,agenzia,https://www.immobiliare.it/agenzie-immobiliari/231625/case-all-asta-brescia-via-flero/,Case all'Asta - Acquista senza Rischi,0,0,0,"€ 128.800,00",128800,,1,3,"3°, con ascensore",,,2,0,62,62 m²,Appartamento,BILOCALE AL TERZO PIANO CON CANTINA,Residenziale,,,,45.44599915,9.24717999,Lombardia,Milano,Forlanini,Viale Ungheria - Mecenate,Milano,IT
118329207,https://www.immobiliare.it/annunci/118329207/,sale,agenzia,https://www.immobiliare.it/agenzie-immobiliari/96710/olimpo-3-rozzano/,Immobiliare Olimpo 3 Rozzano,0,0,0,€ 240.000,240000,1,1,2,"2°, con ascensore",,,2,0,80,80 m²,Appartamento,Ampio Bilocale trasformabile,Residenziale,,,,45.4462,9.2502,Lombardia,Milano,Forlanini,Viale Ungheria - Mecenate,Milano,IT
119914188,https://www.immobiliare.it/annunci/119914188/,sale,agenzia,https://www.immobiliare.it/agenzie-immobiliari/385252/mb-busto-arsizio/,MB Real Estate Agency,0,0,0,€ 197.000,197000,1,1,3,"3°, con ascensore",,,1,0,50,50 m²,Appartamento,Appartamento in vendita Via Mecenate 84,Residenziale,,,,45.4517,9.2489,Lombardia,Milano,Forlanini,Viale Ungheria - Mecenate,Milano,IT
120734212,https://www.immobiliare.it/annunci/120734212/,auction,agenzia,https://www.immobiliare.it/agenzie-immobiliari/437949/react-srl/,Nonsoloaste,0,1,0,"€ 128.800,00",128800,,1,3,3° piano,,,2,0,57,57 m²,Appartamento,BILOCALE ALL'ASTA IN VIALE UNGHERIA MILANO,Residenziale,,,,45.44607162,9.24719334,Lombardia,Milano,Forlanini,Viale Ungheria - Mecenate,Milano,IT
120764266,https://www.immobiliare.it/annunci/120764266/,sale,agenzia,https://www.immobiliare.it/agenzie-immobiliari/56642/zetazero-milano/,Zetazero  Immobiliare tel. 348.6607708,0,1,0,prezzo su richiesta,,2,2,,"2 piani: Piano terra, 1°",,,3,0,140,140 m²,Villetta a schiera,,Residenziale,,,,45.4568,9.255,Lombardia,Milano,Forlanini,Monluè,Milano,IT
120565524,https://www.immobiliare.it/annunci/120565524/,sale,agenzia,https://www.immobiliare.it/agenzie-immobiliari/242120/levia-milano/,Levia SRL,0,1,0,€ 180.000,180000,,1,R,"Piano rialzato, con ascensore",,,2,0,60,60 m²,Appartamento,Via Salomone 85 -  Bilocale libero subito,Residenziale,,,,45.4463,9.2418,Lombardia,Milano,Forlanini,Viale Ungheria - Mecenate,Milano,IT
120535868,https://www.immobiliare.it/annunci/120535868/,sale,agenzia,https://www.immobiliare.it/agenzie-immobiliari/15246/studio-habitat/,Studio Habitat,0,1,0,€ 350.000,350000,1,2,R,"Piano rialzato, con ascensore",,,3,0,97,97 m²,Appartamento,splendido trilocale,Residenziale,,,,45.4584,9.2474,Lombardia,Milano,Forlanini,Quartiere Forlanini,Milano,IT
120371582,https://www.immobiliare.it/annunci/120371582/,auction,agenzia,https://www.immobiliare.it/agenzie-immobiliari/228450/aste-rozzano/,Aste Milano Immobiliare,0,0,0,"€ 128.800,00",128800,,1,3,"3° piano, con ascensore",,,2,0,72,72 m²,Appartamento,"Milano (MI), Viale Ungheria n. 9",Residenziale,,,,45.44607162,9.24719334,Lombardia,Milano,Forlanini,Viale Ungheria - Mecenate,Milano,IT
104518501,https://www.immobiliare.it/annunci/104518501/,sale,agenzia,https://www.immobiliare.it/agenzie-immobiliari/113914/rigamonti-roma/,Rigamonti Real Estate,0,0,0,prezzo su richiesta,,3+,,T,Piano terra,,,5+,0,500,500 m²,Palazzo - Edificio,Milano Linate vendesi palazzo cielo terra,Palazzi - Edifici,,,,45.47230148,9.26945019,Lombardia,Milano,Forlanini,Quartiere Forlanini,Milano,IT
108282447,https://www.immobiliare.it/annunci/108282447/,sale,agenzia,https://www.immobiliare.it/agenzie-immobiliari/4350/immobili-servizi-immobiliari-milano/,Immobili Servizi Immobiliari s.a.s.,0,0,0,prezzo su richiesta,,3+,,4,4°,,,4,0,20.000,20.000 m²,Palazzo - Edificio,"TRATTATIVA RISERVATA
Proponiamo in Vendita, area edificabile di 20.000mq circa, in zona Mecenate-Fo",Palazzi - Edifici,,,,45.44731903,9.24918747,Lombardia,Milano,Forlanini,Viale Ungheria - Mecenate,Milano,IT
117231495,https://www.immobiliare.it/annunci/117231495/,sale,agenzia,https://www.immobiliare.it/agenzie-immobiliari/141953/occasione-cosimo-storino-milano/,Occasione Immobiliare Di Cosimo Storino,0,0,0,€ 225.000,225000,1,1,5,"5°, con ascensore",,,2,0,60,60 m²,Appartamento,MECENATE,Residenziale,,,,45.4446,9.2449,Lombardia,Milano,Forlanini,Viale Ungheria - Mecenate,Milano,IT
118613203,https://www.immobiliare.it/annunci/118613203/,auction,agenzia,https://www.immobiliare.it/agenzie-immobiliari/375812/ms-rho/,Ms-Immobiliare,0,0,0,"€ 128.800,00",128800,,,3,3°,,,2,0,58,58 m²,Appartamento,"Appartamento in Viale Ungheria, 9",Residenziale,,,,45.44599915,9.24717999,Lombardia,Milano,Forlanini,Viale Ungheria - Mecenate,Milano,IT
118635331,https://www.immobiliare.it/annunci/118635331/,auction,agenzia,https://www.immobiliare.it/agenzie-immobiliari/235712/astexte/,Astexte,0,0,0,"€ 161.000,00",161000,,0,,,,,2,0,58,58 m²,Appartamento,APPARTAMENTO ALL'ASTA,Residenziale,,,,45.44607162,9.24719334,Lombardia,Milano,Forlanini,Viale Ungheria - Mecenate,Milano,IT
107526387,https://www.immobiliare.it/annunci/107526387/,sale,Impresa Edile,https://www.immobiliare.it/imprese-edili/5484/edilimpre-arcore/,Edilimpre,0,0,0,€ 135.000,135000,,,,Piano terra,,,,0,600,600 m²,Rustico - Casale,PADERNO D'ADDA ( LC ) in BRIANZA,Residenziale,,,,45.462,9.2553,Lombardia,Milano,Forlanini,Quartiere Forlanini,Milano,IT
105543129,https://www.immobiliare.it/annunci/105543129/,sale,,,,1,0,0,€ 240.000,240000,1,2,R,"Piano rialzato, con ascensore",,,3,0,80,80 m²,Appartamento,,Residenziale,,,,45.44544983,9.24192047,Lombardia,Milano,Forlanini,Viale Ungheria - Mecenate,Milano,IT
90286639,https://www.immobiliare.it/annunci/90286639/,sale,,,,1,0,0,€ 200.000,200000,1,1,R,"Piano rialzato, con ascensore",,,2,0,50,50 m²,Appartamento,,Residenziale,,,,45.44572067,9.24744987,Lombardia,Milano,Forlanini,Viale Ungheria - Mecenate,Milano,IT
117854125,https://www.immobiliare.it/annunci/117854125/,sale,,,,1,0,0,€ 288.000,288000,1,2,R,"Piano rialzato, con ascensore",,,3,0,85,85 m²,Appartamento,,Residenziale,,,,45.46220016,9.23806,Lombardia,Milano,Forlanini,Quartiere Forlanini,Milano,IT
111380437,https://www.immobiliare.it/annunci/111380437/,sale,,,,1,1,0,€ 340.000,340000,1,2,5,"5°, con ascensore",,,3,0,100,100 m²,Appartamento,,Residenziale,,,,45.44897079,9.25378036,Lombardia,Milano,Forlanini,Viale Ungheria - Mecenate,Milano,IT
92815110,https://www.immobiliare.it/annunci/92815110/,sale,,,,1,0,0,€ 535.000,535000,1,2,T,"Piano terra, con ascensore",,,3,0,100,100 m²,Appartamento,,Residenziale,,,,45.45313263,9.23936844,Lombardia,Milano,Forlanini,Viale Ungheria - Mecenate,Milano,IT
115311501,https://www.immobiliare.it/annunci/115311501/,sale,,,,1,0,0,€ 270.000,270000,1,2,2,2°,,,3,0,98,98 m²,Appartamento,,Residenziale,,,,45.4561615,9.2382803,Lombardia,Milano,Forlanini,Viale Ungheria - Mecenate,Milano,IT
109176883,https://www.immobiliare.it/annunci/109176883/,sale,,,,1,1,0,€ 350.000,350000,1,2,4,"4°, con ascensore",,,5,0,83,83 m²,Appartamento,,Residenziale,,,,45.44575882,9.24182987,Lombardia,Milano,Forlanini,Viale Ungheria - Mecenate,Milano,IT
119963760,https://www.immobiliare.it/annunci/119963760/,sale,,,,1,0,0,€ 340.000,340000,1,1,3,"3°, con ascensore",,,3,0,50,50 m²,Loft,,Residenziale,,,,45.45272064,9.2427597,Lombardia,Milano,Forlanini,Viale Ungheria - Mecenate,Milano,IT
115552999,https://www.immobiliare.it/annunci/115552999/,sale,,,,1,0,0,€ 205.000,205000,1,2,2,2°,,,3,0,75,75 m²,Appartamento,,Residenziale,,,,45.44633102,9.24178028,Lombardia,Milano,Forlanini,Viale Ungheria - Mecenate,Milano,IT
